Date,Ticker,Open,High,Low,Close,Volume,return_1,return_5,return_10,return_20,ma_dist_5,ma_dist_10,ma_dist_20,ma_dist_50,volatility_5,volatility_10,volatility_20,volume_change,volume_ratio_20,intraday_return,range_pct,close_position,target
2018-11-07,BHI,0.0560000017285347,0.0560000017285347,0.0560000017285347,0.0560000017285347,0.0,0.0,0.0,0.0,-0.017543829837627256,0.0,0.0,-0.000892059118594015,-0.052773999333097,0.0,0.0,0.006957025188501101,,0.0,0.0,0.0,0.5,0
2018-11-08,BHI,0.0560000017285347,0.0560000017285347,0.0560000017285347,0.0560000017285347,0.0,0.0,0.0,0.0,0.0,0.0,0.0,-0.000892059118594015,-0.05084743887759643,0.0,0.0,0.0057429934705261285,,0.0,0.0,0.0,0.5,0
2018-11-09,BHI,0.0560000017285347,0.0560000017285347,0.0560000017285347,0.0560000017285347,0.0,0.0,0.0,0.0,-0.017543829837627256,0.0,0.0,0.0,-0.04891302559783549,0.0,0.0,0.003922919610262368,,0.0,0.0,0.0,0.5,0
2018-11-12,BHI,0.0560000017285347,0.0560000017285347,0.0560000017285347,0.0560000017285347,0.0,0.0,0.0,0.0,0.0,0.0,0.0,0.0,-0.046970711382592185,0.0,0.0,0.0,,,0.0,0.0,0.5,0
2018-11-13,BHI,0.0560000017285347,0.0560000017285347,0.0560000017285347,0.0560000017285347,0.0,0.0,0.0,0.0,0.0,0.0,0.0,0.0,-0.045020447726828644,0.0,0.0,0.0,,,0.0,0.0,0.5,0
2018-11-14,BHI,0.0560000017285347,0.0560000017285347,0.0560000017285347,0.0560000017285347,0.0,0.0,0.0,0.0,0.0,0.0,0.0,0.0,-0.042735026842212386,0.0,0.0,0.0,,,0.0,0.0,0.5,0
2018-11-15,BHI,0.0560000017285347,0.0560000017285347,0.0560000017285347,0.0560000017285347,0.0,0.0,0.0,0.0,0.0,0.0,0.0,0.0,-0.040438640951204884,0.0,0.0,0.0,,,0.0,0.0,0.5,0
2018-11-16,BHI,0.0560000017285347,0.0560000017285347,0.0560000017285347,0.0560000017285347,0.0,0.0,0.0,0.0,0.0,0.0,0.0,0.0,-0.03813121095208579,0.0,0.0,0.0,,,0.0,0.0,0.5,0
2018-11-19,BHI,0.0560000017285347,0.0560000017285347,0.0560000017285347,0.0560000017285347,0.0,0.0,0.0,0.0,0.0,0.0,0.0,0.0,-0.03614456379000516,0.0,0.0,0.0,,,0.0,0.0,0.5,0
2018-11-20,BHI,0.0560000017285347,0.0560000017285347,0.0560000017285347,0.0560000017285347,0.0,0.0,0.0,0.0,0.0,0.0,0.0,0.0,-0.03348289839997505,0.0,0.0,0.0,,,0.0,0.0,0.5,0
2018-11-21,BHI,0.0560000017285347,0.0560000017285347,0.0560000017285347,0.0560000017285347,0.0,0.0,0.0,0.0,0.0,0.0,0.0,0.0,-0.03147698353845368,0.0,0.0,0.0,,,0.0,0.0,0.5,0
2018-11-23,BHI,0.0560000017285347,0.0560000017285347,0.0560000017285347,0.0560000017285347,0.0,0.0,0.0,0.0,0.0,0.0,0.0,0.0,-0.02946272518753167,0.0,0.0,0.0,,,0.0,0.0,0.5,0
2018-11-26,BHI,0.0560000017285347,0.0560000017285347,0.0560000017285347,0.0560000017285347,0.0,0.0,0.0,0.0,0.0,0.0,0.0,0.0,-0.02777776502239523,0.0,0.0,0.0,,,0.0,0.0,0.5,0
2018-11-27,BHI,0.0560000017285347,0.0560000017285347,0.0560000017285347,0.0560000017285347,0.0,0.0,0.0,0.0,0.0,0.0,0.0,0.0,-0.026086944127578462,0.0,0.0,0.0,,,0.0,0.0,0.5,0
2018-11-28,BHI,0.0560000017285347,0.0560000017285347,0.0560000017285347,0.0560000017285347,0.0,0.0,0.0,0.0,0.0,0.0,0.0,0.0,-0.024390231872097202,0.0,0.0,0.0,,,0.0,0.0,0.5,0
2018-11-29,BHI,0.0560000017285347,0.0560000017285347,0.0560000017285347,0.0560000017285347,0.0,0.0,0.0,0.0,0.0,0.0,0.0,0.0,-0.022687597411138,0.0,0.0,0.0,,,0.0,0.0,0.5,0
2018-11-30,BHI,0.0560000017285347,0.0560000017285347,0.0560000017285347,0.0560000017285347,0.0,0.0,0.0,0.0,0.0,0.0,0.0,0.0,-0.021321205753657875,0.0,0.0,0.0,,,0.0,0.0,0.5,0
2018-12-03,BHI,0.0560000017285347,0.0560000017285347,0.0560000017285347,0.0560000017285347,0.0,0.0,0.0,0.0,0.0,0.0,0.0,0.0,-0.01995098801124921,0.0,0.0,0.0,,,0.0,0.0,0.5,0
2018-12-04,BHI,0.0560000017285347,0.0560000017285347,0.0560000017285347,0.0560000017285347,0.0,0.0,0.0,0.0,0.0,0.0,0.0,0.0,-0.018576928091033555,0.0,0.0,0.0,,,0.0,0.0,0.5,0
2018-12-06,BHI,0.0560000017285347,0.0560000017285347,0.0560000017285347,0.0560000017285347,0.0,0.0,0.0,0.0,0.0,0.0,0.0,0.0,-0.0171990098097546,0.0,0.0,0.0,,,0.0,0.0,0.5,0
2018-12-07,BHI,0.0560000017285347,0.0560000017285347,0.0560000017285347,0.0560000017285347,0.0,0.0,0.0,0.0,0.0,0.0,0.0,0.0,-0.015471160369152276,0.0,0.0,0.0,,,0.0,0.0,0.5,0
2018-12-10,BHI,0.0560000017285347,0.0560000017285347,0.0560000017285347,0.0560000017285347,0.0,0.0,0.0,0.0,0.0,0.0,0.0,0.0,-0.01373722481006307,0.0,0.0,0.0,,,0.0,0.0,0.5,0
2018-12-11,BHI,0.0560000017285347,0.0560000017285347,0.0560000017285347,0.0560000017285347,0.0,0.0,0.0,0.0,0.0,0.0,0.0,0.0,-0.012345673496641774,0.0,0.0,0.0,,,0.0,0.0,0.5,0
2018-12-12,BHI,0.0560000017285347,0.0560000017285347,0.0560000017285347,0.0560000017285347,0.0,0.0,0.0,0.0,0.0,0.0,0.0,0.0,-0.009900984882028044,0.0,0.0,0.0,,,0.0,0.0,0.5,0
2018-12-13,BHI,0.0560000017285347,0.0560000017285347,0.0560000017285347,0.0560000017285347,0.0,0.0,0.0,0.0,0.0,0.0,0.0,0.0,-0.007444163819268214,0.0,0.0,0.0,,,0.0,0.0,0.5,0
2018-12-14,BHI,0.0560000017285347,0.0560000017285347,0.0560000017285347,0.0560000017285347,0.0,0.0,0.0,0.0,0.0,0.0,0.0,0.0,-0.005681813671927174,0.0,0.0,0.0,,,0.0,0.0,0.5,0
2018-12-17,BHI,0.0560000017285347,0.0560000017285347,0.0560000017285347,0.0560000017285347,0.0,0.0,0.0,0.0,0.0,0.0,0.0,0.0,-0.004267421928009083,0.0,0.0,0.0,,,0.0,0.0,0.5,0
2018-12-18,BHI,0.0560000017285347,0.0560000017285347,0.0560000017285347,0.0560000017285347,0.0,0.0,0.0,0.0,0.0,0.0,0.0,0.0,-0.002493762607409886,0.0,0.0,0.0,,,0.0,0.0,0.5,0
2018-12-19,BHI,0.0560000017285347,0.0560000017285347,0.0560000017285347,0.0560000017285347,0.0,0.0,0.0,0.0,0.0,0.0,0.0,0.0,-0.0014265310597266015,0.0,0.0,0.0,,,0.0,0.0,0.5,0
2018-12-20,BHI,0.0560000017285347,0.0560000017285347,0.0560000017285347,0.0560000017285347,0.0,0.0,0.0,0.0,0.0,0.0,0.0,0.0,-0.0007137746407106101,0.0,0.0,0.0,,,0.0,0.0,0.5,0
2018-12-21,BHI,0.0560000017285347,0.0560000017285347,0.0560000017285347,0.0560000017285347,0.0,0.0,0.0,0.0,0.0,0.0,0.0,0.0,-0.000357014734387126,0.0,0.0,0.0,,,0.0,0.0,0.5,0
2018-12-24,BHI,0.0560000017285347,0.0560000017285347,0.0560000017285347,0.0560000017285347,0.0,0.0,0.0,0.0,0.0,0.0,0.0,0.0,-0.000357014734387126,0.0,0.0,0.0,,,0.0,0.0,0.5,0
2018-12-26,BHI,0.0560000017285347,0.0560000017285347,0.0560000017285347,0.0560000017285347,0.0,0.0,0.0,0.0,0.0,0.0,0.0,0.0,0.0,0.0,0.0,0.0,,,0.0,0.0,0.5,0
2018-12-27,BHI,0.0560000017285347,0.0560000017285347,0.0560000017285347,0.0560000017285347,0.0,0.0,0.0,0.0,0.0,0.0,0.0,0.0,0.0,0.0,0.0,0.0,,,0.0,0.0,0.5,0
2018-12-28,BHI,0.0560000017285347,0.0560000017285347,0.0560000017285347,0.0560000017285347,0.0,0.0,0.0,0.0,0.0,0.0,0.0,0.0,0.0,0.0,0.0,0.0,,,0.0,0.0,0.5,0
2018-12-31,BHI,0.0560000017285347,0.0560000017285347,0.0560000017285347,0.0560000017285347,0.0,0.0,0.0,0.0,0.0,0.0,0.0,0.0,0.0,0.0,0.0,0.0,,,0.0,0.0,0.5,0
2019-01-02,BHI,0.0560000017285347,0.0560000017285347,0.0560000017285347,0.0560000017285347,0.0,0.0,0.0,0.0,0.0,0.0,0.0,0.0,0.0,0.0,0.0,0.0,,,0.0,0.0,0.5,0
2019-01-03,BHI,0.0560000017285347,0.0560000017285347,0.0560000017285347,0.0560000017285347,0.0,0.0,0.0,0.0,0.0,0.0,0.0,0.0,0.0,0.0,0.0,0.0,,,0.0,0.0,0.5,0
2019-01-04,BHI,0.0560000017285347,0.0560000017285347,0.0560000017285347,0.0560000017285347,0.0,0.0,0.0,0.0,0.0,0.0,0.0,0.0,0.0,0.0,0.0,0.0,,,0.0,0.0,0.5,0
2019-01-07,BHI,0.0560000017285347,0.0560000017285347,0.0560000017285347,0.0560000017285347,0.0,0.0,0.0,0.0,0.0,0.0,0.0,0.0,0.0,0.0,0.0,0.0,,,0.0,0.0,0.5,0
2019-01-08,BHI,0.0560000017285347,0.0560000017285347,0.0560000017285347,0.0560000017285347,0.0,0.0,0.0,0.0,0.0,0.0,0.0,0.0,0.0,0.0,0.0,0.0,,,0.0,0.0,0.5,0
2019-01-09,BHI,0.0560000017285347,0.0560000017285347,0.0560000017285347,0.0560000017285347,0.0,0.0,0.0,0.0,0.0,0.0,0.0,0.0,0.0,0.0,0.0,0.0,,,0.0,0.0,0.5,0
2019-01-10,BHI,0.0560000017285347,0.0560000017285347,0.0560000017285347,0.0560000017285347,0.0,0.0,0.0,0.0,0.0,0.0,0.0,0.0,0.0,0.0,0.0,0.0,,,0.0,0.0,0.5,0
2019-01-11,BHI,0.0560000017285347,0.0560000017285347,0.0560000017285347,0.0560000017285347,0.0,0.0,0.0,0.0,0.0,0.0,0.0,0.0,0.0,0.0,0.0,0.0,,,0.0,0.0,0.5,0
2019-01-14,BHI,0.0560000017285347,0.0560000017285347,0.0560000017285347,0.0560000017285347,0.0,0.0,0.0,0.0,0.0,0.0,0.0,0.0,0.0,0.0,0.0,0.0,,,0.0,0.0,0.5,0
2019-01-15,BHI,0.0560000017285347,0.0560000017285347,0.0560000017285347,0.0560000017285347,0.0,0.0,0.0,0.0,0.0,0.0,0.0,0.0,0.0,0.0,0.0,0.0,,,0.0,0.0,0.5,0
2019-01-16,BHI,0.0560000017285347,0.0560000017285347,0.0560000017285347,0.0560000017285347,0.0,0.0,0.0,0.0,0.0,0.0,0.0,0.0,0.0,0.0,0.0,0.0,,,0.0,0.0,0.5,0
2019-01-17,BHI,0.0560000017285347,0.0560000017285347,0.0560000017285347,0.0560000017285347,0.0,0.0,0.0,0.0,0.0,0.0,0.0,0.0,0.0,0.0,0.0,0.0,,,0.0,0.0,0.5,1
2019-01-18,BHI,0.0610000006854534,0.0649999976158142,0.0560000017285347,0.0570000000298023,246570000.0,0.017857111971445905,0.017857111971445905,0.017857111971445905,0.017857111971445905,0.014234850911830695,0.016042753050545807,0.016949123253285913,0.01749372198497128,0.007985943249995674,0.0056469146262428625,0.003992971624997837,inf,20.0,-0.06557378050333326,0.15789466460655915,0.11111097313733116,0
2019-01-22,BHI,0.0540000014007091,0.0540000014007091,0.0520000010728836,0.0529999993741512,45520000.0,-0.07017545006245107,-0.05357146896041698,-0.05357146896041698,-0.05357146896041698,-0.04676261692151752,-0.050179245209203895,-0.0518783912802784,-0.05289496401319113,0.03426378751432544,0.023498816493526378,0.01639417389196233,-0.8153871111651864,3.1168475469889416,-0.018518555567014545,0.03773585568759316,0.49999906867757976,1
2019-01-23,BHI,0.0529999993741512,0.0560000017285347,0.0529999993741512,0.0549999997019767,27450000.0,0.03773585568759308,-0.017857178494486536,-0.017857178494486536,-0.017857178494486536,-0.007220231171879709,-0.012567350170701085,-0.01521936796586469,-0.016803751840576947,0.040696852720124466,0.027174743512228382,0.018717895467975195,-0.3969683655536028,1.7180947612192528,0.03773585568759316,0.05454549764798774,0.6666662527458249,0
2019-01-24,BHI,0.0549999997019767,0.0549999997019767,0.0520000010728836,0.0529999993741512,56170000.0,-0.036363642521140216,-0.05357146896041698,-0.05357146896041698,-0.05357146896041698,-0.032846727485429626,-0.043321326220808636,-0.04847400124476218,-0.051539049844469796,0.04321654200749648,0.029307239865538036,0.02033923374723299,1.046265938069217,2.9900721301003435,-0.03636364252114019,0.056603748387141294,0.33333291941200066,0
2019-01-25,BHI,0.0529999993741512,0.0549999997019767,0.0520000010728836,0.0529999993741512,22040000.0,0.0,-0.05357146896041698,-0.05357146896041698,-0.05357146896041698,-0.02214022520658439,-0.03811254538617154,-0.04590462214897717,-0.05051956399481186,0.04321654200749648,0.029307239865538036,0.02033923374723299,-0.6076197258322948,1.1082338152105593,0.0,0.056603748387141294,0.33333291941200066,1
2019-01-28,BHI,0.0540000014007091,0.0599999986588954,0.0529999993741512,0.0579999983310699,81940000.0,0.09433960407473618,0.017543829837627145,0.03571422394289159,0.03571422394289159,0.0661764549789142,0.04882455707039575,0.042228162961183764,0.03831000413359094,0.06411014502516003,0.04307801841492645,0.029731775255164437,2.717785843920145,3.4163730742771374,0.0740740153074936,0.12068964631322042,0.7142856382593773,0
2019-01-29,BHI,0.0590000003576278,0.0610000006854534,0.0579999983310699,0.0579999983310699,27320000.0,0.0,0.09433960407473618,0.03571422394289159,0.03571422394289159,0.04693139628993347,0.045045015535399864,0.040358698608509574,0.03756702866686583,0.049533119745620593,0.04307801841492645,0.029731775255164437,-0.6665853063216989,1.0776907753298752,-0.016949186788074597,0.05172418001219904,0.0,0
2019-01-30,BHI,0.0579999983310699,0.0599999986588954,0.0579999983310699,0.0579999983310699,12240000.0,0.0,0.05454542991543643,0.03571422394289159,0.03571422394289159,0.035714279061981415,0.04129261608399219,0.038495928834722436,0.036825115730261884,0.048862135060725835,0.04307801841492645,0.029731775255164437,-0.5519765739385065,0.4714492055849783,0.0,0.034482765265083266,0.0,1
2019-01-31,BHI,0.0590000003576278,0.0610000006854534,0.0579999983310699,0.0610000006854534,46410000.0,0.05172418001219903,0.15094342275037653,0.08928569290330857,0.08928569290330857,0.05902780786970216,0.08540927401747582,0.08734402857968314,0.08850819563514443,0.042744666013882326,0.045534351291412305,0.03171647652660766,2.7916666666666665,1.6409150373015593,0.03389831043563769,0.04918036591266646,1.0,1
2019-02-01,BHI,0.0610000006854534,0.0630000010132789,0.0599999986588954,0.061999998986721,124270000.0,0.01639341459066679,0.16981131544992456,0.10714280487475425,0.10714280487475425,0.04377104546034558,0.09154929231059329,0.09929075262049122,0.10398856170334977,0.040514279755473476,0.04544887643300923,0.03179882429114602,1.6776556776556775,3.6023944458133434,0.016393414590666792,0.04838713553892213,0.6666662527458557,0
2019-02-04,BHI,0.0630000010132789,0.0630000010132789,0.0599999986588954,0.0599999986588954,41250000.0,-0.03225807033083905,0.034482765265083204,0.05263155486885185,0.07142851440882203,0.00334447597997482,0.05078808387002504,0.060070641376314765,0.06685628393890618,0.030526778593318694,0.04735050907032161,0.032895693568787354,-0.6680614790375794,1.1283131376678792,-0.04761908422431888,0.05000004035731312,0.0,0
2019-02-05,BHI,0.0599999986588954,0.0599999986588954,0.0599999986588954,0.0599999986588954,0.0,0.0,0.034482765265083204,0.13207545976232948,0.07142851440882203,-0.003322265920607467,0.03806227771561352,0.05633800114938863,0.06534086427386601,0.030526778593318694,0.039299259746272006,0.032895693568787354,-1.0,0.0,0.0,0.0,0.5,1
2019-02-06,BHI,0.0610000006854534,0.06700000166893,0.0599999986588954,0.0659999996423721,157320000.0,0.10000001862645314,0.13793106106033637,0.20000000000000107,0.17857138580661736,0.06796117090094968,0.12054330595965979,0.15183245290409822,0.16772820938442692,0.050727602415547426,0.047667571998862165,0.03924811749373846,inf,3.541249296567248,0.08196719509400016,0.10606065224189157,0.857142629063962,0
2019-02-07,BHI,0.0659999996423721,0.0659999996423721,0.0630000010132789,0.0659999996423721,41770000.0,0.0,0.08196719509400019,0.24528302682511294,0.17857138580661736,0.05095542308075116,0.09634552605190261,0.14186850642383958,0.16361069194918668,0.04973323589688436,0.04420346622519116,0.03924811749373846,-0.7344902110348335,0.8980188547410967,0.0,0.045454524929530365,1.0,0
2019-02-08,BHI,0.0649999976158142,0.0700000002980232,0.0649999976158142,0.0659999996423721,287960000.0,0.0,0.06451614066167677,0.24528302682511294,0.17857138580661736,0.03773585568759426,0.07317074175370822,0.1320754680812096,0.15952210997779048,0.05030604465415465,0.04420346622519116,0.03924811749373846,5.893943021307158,4.7275145087545045,0.015384647126734858,0.07575761680760663,0.2000002980230618,0
2019-02-11,BHI,0.0649999976158142,0.0680000036954879,0.0649999976158142,0.0649999976158142,51020000.0,-0.015151545939038225,0.08333331781129139,0.1206896463132221,0.16071420731213237,0.006191928504504592,0.0450160553126805,0.10638294445545561,0.13835370556688292,0.04687675438358645,0.0376493307569012,0.039575089670542095,-0.8228226142519794,0.8039393342525113,0.0,0.04615394138020436,0.0,1
2019-02-12,BHI,0.0649999976158142,0.0689999982714653,0.0649999976158142,0.06700000166893,78200000.0,0.030769294253469415,0.11666671944161444,0.1551724758074502,0.1964285643011019,0.015151545939038032,0.0618066934328285,0.12984826393100157,0.16887649362902718,0.046105392667265675,0.03781020365591434,0.039836541054814614,0.532732261858095,1.1607109725778322,0.0307692942534695,0.0597015008360221,0.5000009313224099,0
2019-02-13,BHI,0.0680000036954879,0.0680000036954879,0.0659999996423721,0.06700000166893,65120000.0,0.0,0.015151545939038114,0.1551724758074502,0.1964285643011019,0.012084616626436161,0.046875031195668375,0.1194653642595251,0.16440737956611481,0.016789401424088884,0.03781020365591434,0.039836541054814614,-0.16726342710997444,0.9220074049427639,-0.014705911356064572,0.02985080601935668,0.49999999999999656,1
2019-02-14,BHI,0.06700000166893,0.0700000002980232,0.0659999996423721,0.0680000036954879,88800000.0,0.014925403009678373,0.030303091878076227,0.11475414641599824,0.21428574279558688,0.021021063350428672,0.05100469409608814,0.12489667442039537,0.17687785720428595,0.017410554626714224,0.03557980259571783,0.03978417223961147,0.36363636363636354,1.1829196000985767,0.014925403009678442,0.05882353585690334,0.5000009313224115,0
2019-02-15,BHI,0.06700000166893,0.0689999982714653,0.06700000166893,0.0680000036954879,71280000.0,0.0,0.030303091878076227,0.09677427107784276,0.21428574279558688,0.014925403009678442,0.041347675613406604,0.11384117701038442,0.17200969575549432,0.017410554626714224,0.03570508400499715,0.03978417223961147,-0.19729729729729728,0.9064954058436397,0.014925403009678442,0.029411713144774605,0.5000018626482926,0
2019-02-19,BHI,0.06700000166893,0.0680000036954879,0.0659999996423721,0.0680000036954879,18540000.0,0.0,0.046153941380204344,0.1333334202567762,0.19298252034972418,0.005917171502262188,0.02874436770352772,0.10389616319350137,0.16718164274881717,0.01371054386470282,0.03282095921040144,0.03981049977910576,-0.7398989898989898,0.2757656438250212,0.014925403009678442,0.02941182271212894,1.0,0
2019-02-20,BHI,0.0659999996423721,0.06700000166893,0.0649999976158142,0.0649999976158142,9370000.0,-0.044117734068193526,-0.029850806019356635,0.08333331781129139,0.22641506383706766,-0.03273816057322219,-0.0240240724004897,0.04501603966562191,0.11225182365355722,0.022353431927710634,0.037414389768967174,0.03741680107094012,-0.49460625674217906,0.14322070815532645,-0.015151545939038242,0.0307692942534695,0.0,1
2019-02-21,BHI,0.0659999996423721,0.0680000036954879,0.0659999996423721,0.0680000036954879,22670000.0,0.046153941380204344,0.014925403009678373,0.030303091878076227,0.23636371025369263,0.008902094864414357,0.017964107921702072,0.08194118588152667,0.15882758290367036,0.03256450972415958,0.02442563719520441,0.03778015336828875,1.4194236926360726,0.34778206475465795,0.030303091878076276,0.02941182271212894,1.0,1
2019-02-22,BHI,0.0680000036954879,0.0719999969005584,0.0680000036954879,0.0710000023245811,299340000.0,0.044117624500839,0.044117624500839,0.07575761680760662,0.33962270118834637,0.04411764738108062,0.05497772226634097,0.11372552145356998,0.20379791684725956,0.037406183705486616,0.027555538466897078,0.03670467692400848,12.204234671371857,3.8702920755595205,0.044117624500838976,0.05633793062124516,0.7500009313241637,0
2019-02-25,BHI,0.0710000023245811,0.0710000023245811,0.0710000023245811,0.0710000023245811,0.0,0.0,0.044117624500839,0.07575761680760662,0.33962270118834637,0.03498542749019139,0.04719764660121347,0.0982212194164655,0.19770582198701855,0.037406183705486616,0.027555538466897078,0.03670467692400848,-1.0,0.0,0.0,0.0,0.5,0
2019-02-26,BHI,0.0719999969005584,0.0719999969005584,0.0680000036954879,0.0680000036954879,118640000.0,-0.04225350043481002,0.0,0.046153941380204344,0.17241389055456446,-0.008746329720287415,-0.001468409823843063,0.04374524866459678,0.14247316042611446,0.04417363845626428,0.031148094809040155,0.033827687167724434,inf,1.5195450586607921,-0.05555546357307514,0.05882342628954758,0.0,0
2019-02-27,BHI,0.0680000036954879,0.0689999982714653,0.0659999996423721,0.06700000166893,52520000.0,-0.014705911356064583,0.030769294253469415,0.0,0.1551724758074502,-0.028985521643633418,-0.016152726875203825,0.02134147514446463,0.12152662378813085,0.03826301511350701,0.030268461849227445,0.03418050592494453,-0.557316250842886,0.6619945548048805,-0.014705911356064572,0.04477609782634366,0.33333416117598785,0
2019-02-28,BHI,0.06700000166893,0.06700000166893,0.0640000030398368,0.0649999976158142,49300000.0,-0.029850806019356635,-0.044117734068193526,-0.029850806019356635,0.1206896463132221,-0.0497076583949824,-0.04270993080067695,-0.014404900938755901,0.08477964918805062,0.03344594906230416,0.03174932651971335,0.03517536498660137,-0.06130997715156128,0.6072251167030016,-0.02985080601935668,0.04615382675588456,0.3333316776480197,0
2019-03-01,BHI,0.0649999976158142,0.0659999996423721,0.0640000030398368,0.0649999976158142,54900000.0,0.0,-0.08450710580737031,-0.044117734068193526,0.06557371943300105,-0.03273813912482297,-0.03846159356938155,-0.017384777983062108,0.08153072664580516,0.018611085168255388,0.031181055736191957,0.03352145571145971,0.11359026369168368,0.6726828282085684,0.0,0.030769179629149917,0.49999813735170745,1
2019-03-04,BHI,0.0649999976158142,0.0680000036954879,0.0649999976158142,0.06700000166893,22820000.0,0.030769294253469415,-0.05633803555899686,-0.014705911356064583,0.08064520586975954,0.00903616282893663,-0.0074074002123339045,0.009036157167863592,0.1107427171807802,0.02833427780114486,0.03308674174581737,0.033959209802384815,-0.5843351548269581,0.2981408656798317,0.0307692942534695,0.04477620902903512,0.6666666666666651,1
2019-03-05,BHI,0.0680000036954879,0.0710000023245811,0.0680000036954879,0.0689999982714653,169090000.0,0.02985069481666547,0.01470580178871006,0.01470580178871006,0.14999999689559318,0.0360360199105472,0.02071002379171017,0.03216151741788226,0.13898972197093848,0.026895827553750494,0.034502137146008846,0.033261252556358735,6.409728308501315,2.0388747543197523,0.014705801788710032,0.04347824209053403,0.3333316776480197,0
2019-03-06,BHI,0.0680000036954879,0.0689999982714653,0.0649999976158142,0.0659999996423721,49760000.0,-0.04347824209053408,-0.014925403009678262,0.01538464712673493,0.10000001862645314,-0.006024086246306551,-0.025110800422026302,-0.017125855522059554,0.08588349483136706,0.033863466925462,0.034407631706656595,0.035146403694617884,-0.7057188479507954,0.5825265449947905,-0.02941182271212894,0.060606070868568604,0.25000046566120665,1
2019-03-07,BHI,0.06700000166893,0.0750000029802322,0.06700000166893,0.0740000009536743,329850000.0,0.12121214173713701,0.1384615948919734,0.088235249001678,0.12121214173713701,0.08504400813271322,0.0834553488617617,0.09548482523836262,0.21033693246944127,0.06039907819054956,0.04982692655046536,0.03832889235499524,5.628818327974277,3.507270262367421,0.10447759866236576,0.10810812443516565,0.8749997671693982,0
2019-03-08,BHI,0.0759999975562095,0.0780000016093254,0.0710000023245811,0.0710000023245811,532300000.0,-0.04054052149230736,0.09230776813608887,0.0,0.07575761680760662,0.023054780103523107,0.03953150400527609,0.047197658108927586,0.15559898191940444,0.06736207614636211,0.0504916648684144,0.039732147452080806,0.6137638320448688,4.489179752728254,-0.06578941305794649,0.0985915359938066,0.0,1
2019-03-11,BHI,0.0710000023245811,0.0729999989271164,0.0710000023245811,0.0719999969005584,39610000.0,0.014084430186435126,0.07462679264300753,0.014084430186435126,0.09090904985905923,0.022727234242868027,0.0526315330835292,0.057268662703074125,0.16580304614547522,0.06708081520162351,0.050653741146266036,0.03977513059126458,-0.9255870749577306,0.37312835295059654,0.014084430186435175,0.02777773178653815,0.4999981373516623,1
2019-03-12,BHI,0.0729999989271164,0.0740000009536743,0.0719999969005584,0.0740000009536743,100620000.0,0.027777835266828976,0.07246380880384362,0.088235249001678,0.1384615948919734,0.03641457693359973,0.0724637856430379,0.07950400849924873,0.19124275892957732,0.06698189134236521,0.04857598986505191,0.03978368921744833,1.5402676091895984,0.9262080424166832,0.013698658099383207,0.02702708145055226,1.0,1
2019-03-13,BHI,0.0769999995827674,0.0810000002384185,0.0769999995827674,0.0790000036358833,338850000.0,0.06756760294285824,0.19696975854474363,0.1791045025080662,0.1791045025080662,0.0675676029428585,0.1253561778181888,0.1424439954330909,0.26238419259883516,0.06050529370208493,0.05092883014321121,0.04173254410474669,2.3676207513416814,2.785015081902539,0.025974078752638085,0.05063291736146473,0.5000009313224358,0
2019-03-14,BHI,0.0790000036358833,0.0799999982118606,0.0740000009536743,0.0750000029802322,222500000.0,-0.05063291736146491,0.01351354072527533,0.1538462420187081,0.11940300167204398,0.010781692811242218,0.05337082105491781,0.07836091493406615,0.19123256251598875,0.04918314506186447,0.05344827363160724,0.04379681357365808,-0.3433672716541243,1.7176426994395466,-0.050632917361464906,0.07999996026357122,0.16666708058799662,1
2019-03-15,BHI,0.0750000029802322,0.0780000016093254,0.0740000009536743,0.0759999975562095,61940000.0,0.01333326048321437,0.07042246574543176,0.16923077452112167,0.11764696214645087,0.010638259928007288,0.051175616077993966,0.08649030068625604,0.1994948990881012,0.0425331486788687,0.05317981509918639,0.043782221815350346,-0.7216179775280899,0.48317017044346505,0.013333260483214473,0.05263158926673251,0.49999906867756416,0
2019-03-18,BHI,0.0769999995827674,0.0769999995827674,0.0729999989271164,0.0740000009536743,149400000.0,-0.026315745616386388,0.027777835266828976,0.10447759866236583,0.088235249001678,-0.021164024292676456,0.01369863740720967,0.05338078442787332,0.1613308262012942,0.0462861120889725,0.05458223217237802,0.04437809881025034,1.4120116241524054,1.13095283154556,-0.03896102136816765,0.05405406221758161,0.2500004656612127,1
2019-03-19,BHI,0.0740000009536743,0.0759999975562095,0.0729999989271164,0.0759999975562095,85260000.0,0.027026980767030473,0.027026980767030473,0.10144926753772143,0.11764696214645087,-3.921358221401133e-08,0.031207560376036857,0.0757253647674783,0.18527755664983273,0.04620033372732345,0.05448273227045001,0.04462388521328321,-0.4293172690763052,0.6295177831759415,0.027026980767030476,0.03947366744155888,1.0,0
2019-03-20,BHI,0.0759999975562095,0.0759999975562095,0.0729999989271164,0.0750000029802322,24110000.0,-0.013157823791213996,-0.05063291736146491,0.13636368767617513,0.1538462420187081,-0.0026595402127845454,0.005361961087076094,0.05411106356806511,0.16279073394008908,0.03099449487671505,0.05189614701252533,0.04329269149336179,-0.7172179216514192,0.17705288821654647,-0.01315782379121398,0.03999998013178496,0.6666683223520019,0
2019-03-21,BHI,0.0740000009536743,0.0750000029802322,0.0719999969005584,0.0729999989271164,60760000.0,-0.02666671964857048,-0.02666671964857048,-0.013513540725275552,0.07352933764561342,-0.024064180178148018,-0.020134248860670566,0.0224089410055263,0.1258482166790157,0.024249082882667795,0.0368509313149796,0.04298027702800995,1.520116134384073,0.44003954272388535,-0.013513540725275566,0.041095974298150574,0.33333333333335335,0
2019-03-22,BHI,0.0729999989271164,0.0750000029802322,0.0729999989271164,0.0729999989271164,42260000.0,0.0,-0.03947366744155889,0.028168965310623184,0.028168965310623184,-0.016172519459219256,-0.022757713612508477,0.020979000866935403,0.11997542858433036,0.022367656579309003,0.03411587323529413,0.041954825027057205,-0.30447662936142195,0.3374738968812014,0.0,0.027397316198766227,0.0,0
2019-03-25,BHI,0.0740000009536743,0.0750000029802322,0.0719999969005584,0.0729999989271164,50240000.0,0.0,-0.013513540725275552,0.013888917633414932,0.028168965310623184,-0.01351352086068917,-0.024064189899122027,0.019553054967746054,0.11416359127143569,0.019886832522079255,0.033911374398103544,0.041954825027057205,0.1888310459062943,0.39330966481780855,-0.013513540725275566,0.041095974298150574,0.33333333333335335,0
2019-03-26,BHI,0.0729999989271164,0.0740000009536743,0.0719999969005584,0.0729999989271164,50190000.0,0.0,-0.03947366744155889,-0.013513540725275552,0.07352933764561342,-0.005449602344037854,-0.022757713612508477,0.01600555293794398,0.10841176077150629,0.01190633667106132,0.032670481920510266,0.040641768230204586,-0.000995222929936257,0.4037357015299966,0.0,0.027397316198767556,0.5000000000000208,0
2019-03-27,BHI,0.0740000009536743,0.0740000009536743,0.0719999969005584,0.0729999989271164,35110000.0,0.0,-0.02666671964857048,-0.07594942319776798,0.08955219565268724,0.0,-0.014844814359683808,0.011780999543769712,0.10271901250842579,0.011925719574226605,0.022273034148301826,0.04041193350981289,-0.3004582586172544,0.2844216179871763,-0.013513540725275566,0.027397316198767556,0.5000000000000208,0
2019-03-28,BHI,0.0729999989271164,0.0740000009536743,0.0719999969005584,0.0729999989271164,14720000.0,0.0,0.0,-0.02666671964857048,0.1230769477652387,0.0,-0.01217862439495501,0.006202605789990825,0.09708444080333245,0.0,0.01639286148531172,0.0395981837957703,-0.580746226146397,0.12093875421580831,0.0,0.027397316198767556,0.5000000000000208,0
2019-03-29,BHI,0.0700000002980232,0.0700000002980232,0.0659999996423721,0.0680000036954879,166180000.0,-0.06849308637141915,-0.06849308637141915,-0.10526308049950661,0.046153941380204344,-0.0555555026656323,-0.0697673897137496,-0.06464919497322417,0.018268994254663665,0.030631039423051534,0.025474622849595407,0.04300865376606232,10.289402173913043,1.3056407798646277,-0.028571379914576506,0.05882353585690334,0.5000009313224115,0
2019-04-01,BHI,0.06700000166893,0.0689999982714653,0.06700000166893,0.0680000036954879,34760000.0,0.0,-0.06849308637141915,-0.08108104298461472,0.014925403009678373,-0.04225348033405701,-0.062068916472754414,-0.06529204906046063,0.014622551437484347,0.030631039423051534,0.025044817320595304,0.04251492731680218,-0.7908292213262728,0.27182689412749117,0.014925403009678442,0.029411713144774605,0.5000018626482926,1
2019-04-02,BHI,0.0689999982714653,0.0710000023245811,0.0689999982714653,0.0689999982714653,52330000.0,0.01470580178871006,-0.05479453033478421,-0.0921052567082914,0.0,-0.01709405156476708,-0.03899724151074538,-0.051546419203612456,0.025869729498797164,0.03289737485869977,0.02337018118147879,0.0421178792624331,0.5054660529344073,0.42880262214483256,0.0,0.02898556671330958,0.0,1
2019-04-03,BHI,0.0710000023245811,0.0729999989271164,0.0689999982714653,0.0719999969005584,64060000.0,0.04347824209053264,-0.013698658099384309,-0.040000079472856886,0.09090904985905923,0.02857137991457552,0.006992969100670051,-0.014373761031812754,0.06445885094412412,0.041160253129668,0.028620727260813814,0.04179115948097974,0.22415440473915527,0.5218630985112319,0.014084430186435175,0.055555567053365666,0.7499995343387716,0
2019-04-04,BHI,0.0710000023245811,0.0740000009536743,0.0710000023245811,0.0719999969005584,42260000.0,0.0,-0.013698658099384309,-0.013698658099384309,-0.027027081450552215,0.03151858182275637,0.008403326268950843,-0.013022659952769819,0.059134991737510724,0.041160253129668,0.027461677108500622,0.03163076580677901,-0.340305963159538,0.3899495261734934,0.014084430186435175,0.041666649419952004,0.3333316776479873,0
2019-04-05,BHI,0.0710000023245811,0.0719999969005584,0.0700000002980232,0.0710000023245811,19760000.0,-0.013888814153123152,0.044117624500839,-0.027397214136017922,0.0,0.008522765757131595,-0.0028089526093054203,-0.026730604802029618,0.038923062688461005,0.02183519993504666,0.02775341131018716,0.03041033260259095,-0.5324183625177472,0.23880308413699755,0.0,0.028168965310621994,0.5000018626483168,1
2019-04-08,BHI,0.0710000023245811,0.0729999989271164,0.0710000023245811,0.0719999969005584,13380000.0,0.014084430186435126,0.05882342628954751,-0.013698658099384309,0.0,0.011235936243956943,0.012658190707283303,-0.013022659952769819,0.0477298709265297,0.021308751344736535,0.028242920873098935,0.03041033260259095,-0.3228744939271255,0.16430382700206914,0.014084430186435175,0.02777773178653815,0.4999981373516623,0
2019-04-09,BHI,0.0719999969005584,0.0719999969005584,0.0719999969005584,0.0719999969005584,0.0,0.0,0.04347824209053264,-0.013698658099384309,-0.027027081450552215,0.0027855002897942353,0.014084472752732955,-0.0116678495976198,0.043478213921987134,0.021795336031219976,0.028242920873098935,0.02972265405253584,-1.0,0.0,0.0,0.0,0.5,0
2019-04-10,BHI,0.0719999969005584,0.0719999969005584,0.0700000002980232,0.0710000023245811,30390000.0,-0.013888814153123152,-0.013888814153123152,-0.027397214136017922,-0.1012658347229296,-0.008379842924276903,0.002824896064663336,-0.020013766143201238,0.025122756356117448,0.01169047428343772,0.028527724833555344,0.02505427415114652,inf,0.49835603184624594,-0.013888814153123138,0.028168965310621994,0.5000018626483168,0
2019-04-11,BHI,0.0700000002980232,0.0719999969005584,0.0700000002980232,0.0710000023245811,30470000.0,0.0,-0.013888814153123152,-0.027397214136017922,-0.05333333995607137,-0.00560221049751731,0.005665754966065484,-0.017301001023921264,0.021288866865283286,0.01169047428343772,0.028527724833555344,0.022645054016300247,0.0026324448831851477,0.5930438506004398,0.014285743175720367,0.028168965310621994,0.5000018626483168,1
2019-04-12,BHI,0.0719999969005584,0.0719999969005584,0.0710000023245811,0.0719999969005584,11340000.0,0.014084430186435126,0.014084430186435126,0.05882342628954751,-0.052631589266732504,0.005586561949518,0.014084472752733153,-0.0006940001291058669,0.032406032052423005,0.011713854638050442,0.01681947452882279,0.02267328311502884,-0.6278306531014113,0.2321439538168642,0.0,0.013888814153123138,1.0,1
2019-04-15,BHI,0.0719999969005584,0.0759999975562095,0.0719999969005584,0.0740000009536743,100860000.0,0.027777835266828976,0.027777835266828976,0.088235249001678,0.0,0.027777792724930597,0.03351957981388831,0.027064557316461537,0.05744499401815749,0.015861712303841737,0.017997163222589586,0.02290195158978452,7.894179894179894,2.1726767480935765,0.027777835266828865,0.054054062217582736,0.5000009313224358,0
2019-04-16,BHI,0.0740000009536743,0.0750000029802322,0.0719999969005584,0.0729999989271164,28990000.0,-0.013513540725275552,0.013888917633414932,0.057971025447188795,-0.03947366744155889,0.01108031354354604,0.013888886158159789,0.015299016048758357,0.03929383049446634,0.01805322993632101,0.019117091272614725,0.022190554214799756,-0.7125718818163791,0.664778655537338,-0.013513540725275566,0.041095974298150574,0.33333333333335335,0
2019-04-17,BHI,0.0729999989271164,0.0750000029802322,0.0729999989271164,0.0729999989271164,26200000.0,0.0,0.028168965310623184,0.013888917633414932,-0.02666671964857048,0.005509632543726108,0.01248265737845565,0.0167130844067363,0.03546097375012981,0.015746944544741702,0.013805337669585896,0.022029752480722836,-0.096240082787168,0.5993640335826871,0.0,0.027397316198766227,0.0,0
2019-04-18,BHI,0.0729999989271164,0.0729999989271164,0.0729999989271164,0.0729999989271164,0.0,0.0,0.028168965310623184,0.013888917633414932,0.0,1.9010668509283296e-16,0.011080323977251755,0.0167130844067363,0.03340881461944524,0.015746944544741702,0.013805337669585896,0.021193023933613834,-1.0,0.0,0.0,0.0,0.5,0
2019-04-22,BHI,0.0729999989271164,0.0740000009536743,0.0729999989271164,0.0729999989271164,13960000.0,0.0,0.013888917633414932,0.028168965310623184,0.0,-0.002732245999119572,0.008287289122068171,0.0167130844067363,0.03136477366474185,0.015112328537415506,0.012747058405888386,0.021193023933613834,inf,0.35557819663779927,0.0,0.013698658099383207,0.0,0
2019-04-23,BHI,0.0729999989271164,0.0729999989271164,0.0710000023245811,0.0719999969005584,17290000.0,-0.013698658099384309,-0.027027081450552215,0.0,-0.013698658099384309,-0.010989033482009877,-0.005524893717569946,0.0034842861127226147,0.015514763228734902,0.00745265495784801,0.013051562403244258,0.02142055785502063,0.2385386819484241,0.4596876038551014,-0.013698658099384349,0.02777773178653815,0.4999981373516623,0
2019-04-24,BHI,0.0719999969005584,0.0719999969005584,0.0700000002980232,0.0710000023245811,18480000.0,-0.013888814153123152,-0.027397214136017922,-0.013888814153123152,-0.027397214136017922,-0.019336973648634185,-0.01798060060480403,-0.009071838430982006,-0.00028158200915298013,0.00755543955119835,0.013779265228133004,0.0216287221531659,0.06882591093117418,0.5129486218669331,-0.013888814153123138,0.028168965310621994,0.5000018626483168,0
2019-04-25,BHI,0.0700000002980232,0.0710000023245811,0.0700000002980232,0.0700000002980232,7990000.0,-0.014084535124186837,-0.04109587223540112,-0.014084535124186837,-0.04109587223540112,-0.02506962661010358,-0.030470903836645406,-0.020979011505936895,-0.015194146731662354,0.007609455995792717,0.013799237598247053,0.021817366802143783,-0.5676406926406927,0.2304519627354273,0.0,0.014285743175720367,0.0,0
2019-04-26,BHI,0.0700000002980232,0.0710000023245811,0.0689999982714653,0.0700000002980232,21710000.0,0.0,-0.04109587223540112,-0.014084535124186837,-0.04109587223540112,-0.016853924941804304,-0.02912620054972901,-0.018920804332522526,-0.016024738859978575,0.007609455995792717,0.013799237598247053,0.021817366802143783,1.7171464330413015,0.6199226167530446,0.0,0.028571486351440533,0.49999999999999656,0
2019-04-29,BHI,0.0689999982714653,0.0700000002980232,0.0680000036954879,0.0680000036954879,16960000.0,-0.028571379914576478,-0.06849308637141915,-0.05555546357307517,0.0,-0.03133898840178144,-0.05160385385593755,-0.046951590758224984,-0.04413826987255475,0.01010474616901691,0.015041085601806949,0.01660420996856177,-0.21879318286503913,0.6153957800395508,-0.014492675377224451,0.0294117131447744,0.0,1
2019-04-30,BHI,0.0689999982714653,0.0689999982714653,0.0680000036954879,0.0689999982714653,8230000.0,0.01470580178871006,-0.041666649419950685,-0.06756760294285835,0.01470580178871006,-0.008620728414137123,-0.03089889727430318,-0.033613461600609275,-0.030354157401036162,0.016384127040116353,0.012098305014618034,0.01692075285327248,-0.5147405660377358,0.3137269850951092,0.0,0.014492675377224451,1.0,0
2019-05-01,BHI,0.0689999982714653,0.0689999982714653,0.0689999982714653,0.0689999982714653,0.0,0.0,-0.02816907024837345,-0.05479453033478421,0.0,-0.0028902007940076217,-0.025423748879400347,-0.033613461600609275,-0.030626604881542237,0.016391436178674113,0.012032680213553328,0.01660420996856177,-1.0,0.0,0.0,0.0,0.5,1
2019-05-02,BHI,0.0700000002980232,0.0729999989271164,0.0700000002980232,0.0700000002980232,24630000.0,0.014492783356654604,0.0,-0.04109587223540112,-0.027777731786536974,0.011560695508682283,-0.0070921918359009425,-0.01823280910835462,-0.017957347947275073,0.017624886160018973,0.01355271219081435,0.013617899471401379,inf,1.137907137907138,0.0,0.04285712309029687,0.0,0
2019-05-03,BHI,0.0700000002980232,0.0710000023245811,0.0700000002980232,0.0700000002980232,9700000.0,0.0,0.0,-0.04109587223540112,-0.027777731786536974,0.011560695508682283,-0.0028489980110027683,-0.016853924941804304,-0.018508128084080137,0.017624886160018973,0.01355271219081435,0.013617899471401379,-0.606171335769387,0.48458810011490233,0.0,0.014285743175720367,0.0,1
2019-05-06,BHI,0.0700000002980232,0.0740000009536743,0.0689999982714653,0.0710000023245811,77480000.0,0.0142857431757204,0.044117624500839,-0.027397214136017922,0.0,0.01719201194432635,0.014285743175720367,-0.0028089526093054203,-0.004486787272832277,0.00794050489338072,0.01473480151903703,0.013706203292804394,6.9876288659793815,3.382962930620443,0.014285743175720367,0.07042257068318343,0.4000005960461208,0
2019-05-07,BHI,0.0710000023245811,0.0710000023245811,0.0689999982714653,0.0700000002980232,13500000.0,-0.014084535124186837,0.014492783356654604,-0.027777731786536974,-0.027777731786536974,0.0,0.0028653246192852097,-0.015471162064070619,-0.0182328142379026,0.011930158008899544,0.014767344780777302,0.013639527590809568,-0.8257614868353124,0.589288052730368,-0.014084535124186821,0.028571486351440533,0.49999999999999656,0
2019-05-08,BHI,0.0689999982714653,0.0700000002980232,0.0680000036954879,0.0700000002980232,25690000.0,0.0,0.014492783356654604,-0.014084535124186837,-0.027777731786536974,-0.002849008594128044,0.0043041586949286,-0.01408450408626055,-0.018783285513256632,0.011930158008899544,0.014243452166903163,0.013639527590809568,0.902962962962963,1.0618554570442473,0.014492783356654689,0.028571379914576506,1.0,0
2019-05-09,BHI,0.0680000036954879,0.0680000036954879,0.06700000166893,0.06700000166893,22190000.0,-0.04285712309029688,-0.04285712309029688,-0.04285712309029688,-0.05633803555899686,-0.037356311380312514,-0.03458211647675103,-0.05367229356857649,-0.060835411024271674,0.021652275687356254,0.019163546031191817,0.016319417189126145,-0.1362397820163488,0.9329997687472408,-0.014705911356064572,0.014925403009678442,0.0,0
2019-05-10,BHI,0.06700000166893,0.0680000036954879,0.0659999996423721,0.06700000166893,26030000.0,0.0,-0.04285712309029688,-0.04285712309029688,-0.05633803555899686,-0.028985500673716295,-0.03039072386120475,-0.050991478097678455,-0.06136170213814213,0.021652275687356254,0.019163546031191817,0.016319417189126145,0.17305092383956744,1.1047683721325043,0.0,0.02985080601935668,0.49999999999999656,0
2019-05-13,BHI,0.06700000166893,0.06700000166893,0.06700000166893,0.06700000166893,0.0,0.0,-0.05633803555899686,-0.014705911356064583,-0.06944438120648899,-0.017595299588277998,-0.028985490188757495,-0.04761902744622364,-0.0618874037340289,0.01861878514564186,0.01715090211495117,0.01585110706868958,-1.0,0.0,0.0,0.0,0.5,0
2019-05-14,BHI,0.0659999996423721,0.06700000166893,0.0649999976158142,0.0649999976158142,13290000.0,-0.029850806019356635,-0.07142860944173746,-0.057971025447188906,-0.12162166516044126,-0.03273813912482297,-0.05247817495792099,-0.07010017843874027,-0.08938081188995557,0.020435967242213162,0.018268793306830285,0.015091215839125063,inf,0.7139020197679415,-0.015151545939038242,0.0307692942534695,0.0,1
2019-05-15,BHI,0.0659999996423721,0.0659999996423721,0.0649999976158142,0.0659999996423721,5690000.0,0.01538464712673493,-0.057142866266017056,-0.04347824209053408,-0.09589040257018533,-0.006024108552624352,-0.033674976812931454,-0.051042422459595754,-0.07459338686215428,0.02401717747434964,0.019422960932520068,0.0157390938755895,-0.5718585402558314,0.3260558134204344,0.0,0.015151545939038242,1.0,0
2019-05-16,BHI,0.0649999976158142,0.0659999996423721,0.0649999976158142,0.0659999996423721,3810000.0,0.0,-0.014925403009678262,-0.057142866266017056,-0.09589040257018533,-0.0030211541566088837,-0.027982339556466285,-0.046242782034729535,-0.07459338686215428,0.016476529038287294,0.0183807098204162,0.0157390938755895,-0.33040421792618624,0.2332914919021523,0.015384647126734858,0.015151545939038242,1.0,0
2019-05-17,BHI,0.0649999976158142,0.06700000166893,0.0649999976158142,0.0659999996423721,1830000.0,0.0,-0.014925403009678262,-0.057142866266017056,-0.09589040257018533,0.0,-0.022222233995979064,-0.04139434352788462,-0.07251265214544178,0.016476529038287294,0.0183807098204162,0.0157390938755895,-0.5196850393700787,0.11142909334469951,0.015384647126734858,0.030303091878076276,0.5000000000000034,0
2019-05-20,BHI,0.0659999996423721,0.0659999996423721,0.0630000010132789,0.0630000010132789,20180000.0,-0.04545452492953039,-0.05970150083602188,-0.11267607111799338,-0.13698627480558656,-0.03374230850390795,-0.055472253149950995,-0.07827358112154827,-0.11267604132158364,0.024878575892953805,0.02071847874724733,0.018098062876302914,10.027322404371585,1.2059280506752719,-0.045454524929530365,0.04761902509272769,0.0,0
2019-05-21,BHI,0.061999998986721,0.0649999976158142,0.0610000006854534,0.0610000006854534,24750000.0,-0.031746036439014524,-0.061538416570458665,-0.12857142248932185,-0.15277773178653697,-0.05279502225322973,-0.07294832284685793,-0.10029498172548662,-0.13817461611212428,0.02523078765447351,0.021676277893760813,0.01887344408933328,0.2264618434093162,1.4467761734962297,-0.01612900512275449,0.06557371943300107,0.0,0
2019-05-22,BHI,0.061999998986721,0.061999998986721,0.0599999986588954,0.0610000006854534,39990000.0,0.0,-0.07575756036381398,-0.12857142248932185,-0.14084508889749114,-0.037854883843803665,-0.060092445058511856,-0.09361069375958991,-0.134997154336742,0.021690662340237823,0.021676277893760813,0.01890408698589042,0.6157575757575757,2.1993675237178607,-0.01612900512275449,0.03278689025166737,0.5000009313224479,0
2019-05-23,BHI,0.0610000006854534,0.0630000010132789,0.0599999986588954,0.0599999986588954,26850000.0,-0.01639347566100058,-0.09090910630285354,-0.10447765426371203,-0.14285716566504347,-0.03536979860685475,-0.06542058298205197,-0.10179643173014852,-0.14456802488070816,0.01994180255710834,0.019156455550573975,0.018954112773636636,-0.3285821455363841,1.4038848657551437,-0.016393475661000575,0.05000004035731312,0.0,1
2019-05-24,BHI,0.0599999986588954,0.0610000006854534,0.0579999983310699,0.0610000006854534,66640000.0,0.016666700815163082,-0.07575756036381398,-0.08955225125403221,-0.12857142248932185,-0.0032679682863356986,-0.040880492277197714,-0.08063300132415933,-0.12682506723338435,0.024682415881849922,0.02085114044016278,0.01965484818815098,1.4819366852886406,3.1180984465656,0.01666670081516313,0.04918036591266646,1.0,0
2019-05-28,BHI,0.061999998986721,0.061999998986721,0.0590000003576278,0.0599999986588954,13180000.0,-0.01639347566100058,-0.04761908422431893,-0.10447765426371203,-0.11764712649748488,-0.009901010184391221,-0.046104945123898,-0.09021988524541306,-0.13718724825864703,0.01847190805621129,0.020696619560797498,0.019122094686494312,-0.8022208883553421,0.6221970448000755,-0.032258070330839037,0.049999978269139975,0.3333329194119899,1
2019-05-29,BHI,0.0599999986588954,0.0610000006854534,0.0599999986588954,0.0610000006854534,2350000.0,0.016666700815163082,0.0,-0.061538416570458665,-0.11594199690466178,0.006600673456260776,-0.023999989032744935,-0.06941265476393112,-0.11951500015349598,0.016530201140881953,0.02115621062719718,0.019238853827691818,-0.8216995447647951,0.11249940159892767,0.01666670081516313,0.016393475661000575,1.0,0
2019-05-30,BHI,0.0599999986588954,0.0610000006854534,0.0579999983310699,0.0590000003576278,29790000.0,-0.03278689025166748,-0.03278689025166748,-0.10606059579809901,-0.14492750962825696,-0.019933545771417052,-0.045307438683771704,-0.09300537950814955,-0.14418334188165205,0.022136739255402924,0.021198064592831006,0.02008229702131447,11.676595744680851,1.331188417454253,-0.01666663872698848,0.05084749722371228,0.33333374725414194,0
2019-05-31,BHI,0.0590000003576278,0.0590000003576278,0.0579999983310699,0.0590000003576278,9410000.0,0.0,-0.01666663872698848,-0.10606059579809901,-0.1571428556223311,-0.01666666314833722,-0.03436988184135273,-0.08527131693400919,-0.1401923570966918,0.02150034181910755,0.021198064592831006,0.019495936731818,-0.6841221886539107,0.435295478200532,0.0,0.016949186788074597,1.0,1
2019-06-03,BHI,0.0579999983310699,0.0599999986588954,0.0579999983310699,0.0599999986588954,21240000.0,0.016949123647561404,-0.01639347566100058,-0.09090910630285354,-0.14285716566504347,0.003344463479140907,-0.008264485709728488,-0.06250002455635766,-0.12229375710869919,0.021565753725500694,0.02278828355923386,0.020231500192197542,1.2571732199787462,0.95699384982766,0.034482765265083266,0.033333339542149995,1.0,0
2019-06-04,BHI,0.0590000003576278,0.0599999986588954,0.0579999983310699,0.0599999986588954,14300000.0,0.0,0.0,-0.04761908422431893,-0.1549296240216792,0.003344463479140907,-0.0033222782558696797,-0.05437354452776156,-0.11894274935128987,0.02024780515557254,0.018979118524703353,0.01966687994777544,-0.3267419962335216,0.7512279687951459,0.016949123647561445,0.033333339542149995,1.0,0
2019-06-05,BHI,,,,,,0.0,-0.01639347566100058,-0.01639347566100058,-0.14285716566504347,,,,,0.018111363798689946,0.01643816849087446,0.019697033486718807,0.0,,,,,0
2019-06-06,BHI,0.0599999986588954,0.0599999986588954,0.0560000017285347,0.0570000000298023,59740000.0,-0.04999997826913838,-0.03389831043563596,-0.06557378050333329,-0.18571428875533902,,,,,0.025341659481431526,0.02243262851228878,0.021761157934379494,3.1776223776223773,,-0.04999997826913836,0.07017538470647923,0.2499997671691781,1
2019-06-07,BHI,0.0570000000298023,0.0590000003576278,0.0560000017285347,0.0579999983310699,20140000.0,0.017543829837627145,-0.016949186788074555,-0.03333333954215001,-0.13432840468172236,,,,,0.02759965136182089,0.023323887065067855,0.021142316735919937,-0.66287244727151,,0.017543829837627187,0.05172411578305232,0.6666658388239991,0
2019-06-10,BHI,,,,,,0.0,-0.03333333954215001,-0.0491803659126665,-0.13432840468172236,,,,,0.02548089224342561,0.02232577745746439,0.021142316735919937,0.0,,,,,0
2019-06-11,BHI,,,,,,0.0,-0.03333333954215001,-0.03333333954215001,-0.13432840468172236,,,,,0.02548089224342561,0.021979251845544,0.021142316735919937,0.0,,,,,0
2019-06-12,BHI,,,,,,0.0,-0.03333333954215001,-0.0491803659126665,-0.10769230063850388,,,,,0.02548089224342561,0.02091465869282009,0.02048554305449711,0.0,,,,,0
2019-06-13,BHI,,,,,,0.0,0.017543829837627145,-0.016949186788074555,-0.12121214173713712,,,,,0.007845839220524708,0.018472230819203083,0.019942563424145618,0.0,,,,,0
2019-06-14,BHI,,,,,,0.0,0.0,-0.016949186788074555,-0.12121214173713712,,,,,0.0,0.018472230819203083,0.019942563424145618,0.0,,,,,0
2019-06-17,BHI,,,,,,0.0,0.0,-0.03333333954215001,-0.12121214173713712,,,,,0.0,0.017328344266564134,0.019942563424145618,0.0,,,,,0
2019-06-18,BHI,,,,,,0.0,0.0,-0.03333333954215001,-0.07936512066333345,,,,,0.0,0.017328344266564134,0.01770360752844706,0.0,,,,,0
2019-06-19,BHI,,,,,,0.0,0.0,-0.03333333954215001,-0.0491803659126665,,,,,0.0,0.017328344266564134,0.01646223054897883,0.0,,,,,0
2019-06-20,BHI,,,,,,0.0,0.0,0.017543829837627145,-0.0491803659126665,,,,,0.0,0.005547846116932357,0.01646223054897883,0.0,,,,,0
2019-06-21,BHI,,,,,,0.0,0.0,0.0,-0.03333333954215001,,,,,0.0,0.0,0.016132978649394943,0.0,,,,,0
2019-06-24,BHI,,,,,,0.0,0.0,0.0,-0.0491803659126665,,,,,0.0,0.0,0.015561866997579263,0.0,,,,,0
2019-06-25,BHI,,,,,,0.0,0.0,0.0,-0.03333333954215001,,,,,0.0,0.0,0.015213916135142757,0.0,,,,,0
2019-06-26,BHI,,,,,,0.0,0.0,0.0,-0.0491803659126665,,,,,0.0,0.0,0.014606093979835196,0.0,,,,,0
2019-06-27,BHI,,,,,,0.0,0.0,0.0,-0.016949186788074555,,,,,0.0,0.0,0.012738324259418614,0.0,,,,,0
2019-06-28,BHI,,,,,,0.0,0.0,0.0,-0.016949186788074555,,,,,0.0,0.0,0.012738324259418614,0.0,,,,,0
2019-07-01,BHI,,,,,,0.0,0.0,0.0,-0.03333333954215001,,,,,0.0,0.0,0.012041843087063072,0.0,,,,,0
2019-07-02,BHI,,,,,,0.0,0.0,0.0,-0.03333333954215001,,,,,0.0,0.0,0.012041843087063072,0.0,,,,,0
2019-07-03,BHI,,,,,,0.0,0.0,0.0,-0.03333333954215001,,,,,0.0,0.0,0.012041843087063072,0.0,,,,,0
2019-07-05,BHI,,,,,,0.0,0.0,0.0,0.017543829837627145,,,,,0.0,0.0,0.003922919610262426,0.0,,,,,0
2019-07-08,BHI,,,,,,0.0,0.0,0.0,0.0,,,,,0.0,0.0,0.0,0.0,,,,,0
2019-07-09,BHI,,,,,,0.0,0.0,0.0,0.0,,,,,0.0,0.0,0.0,0.0,,,,,0
2019-07-10,BHI,,,,,,0.0,0.0,0.0,0.0,,,,,0.0,0.0,0.0,0.0,,,,,0
2019-07-11,BHI,,,,,,0.0,0.0,0.0,0.0,,,,,0.0,0.0,0.0,0.0,,,,,0
2019-07-12,BHI,,,,,,0.0,0.0,0.0,0.0,,,,,0.0,0.0,0.0,0.0,,,,,0
2019-07-15,BHI,,,,,,0.0,0.0,0.0,0.0,,,,,0.0,0.0,0.0,0.0,,,,,0
2019-07-16,BHI,,,,,,0.0,0.0,0.0,0.0,,,,,0.0,0.0,0.0,0.0,,,,,0
2019-07-17,BHI,,,,,,0.0,0.0,0.0,0.0,,,,,0.0,0.0,0.0,0.0,,,,,0
2019-07-18,BHI,,,,,,0.0,0.0,0.0,0.0,,,,,0.0,0.0,0.0,0.0,,,,,0
2019-07-19,BHI,,,,,,0.0,0.0,0.0,0.0,,,,,0.0,0.0,0.0,0.0,,,,,0
2019-07-22,BHI,,,,,,0.0,0.0,0.0,0.0,,,,,0.0,0.0,0.0,0.0,,,,,0
2019-07-23,BHI,,,,,,0.0,0.0,0.0,0.0,,,,,0.0,0.0,0.0,0.0,,,,,0
2019-07-24,BHI,,,,,,0.0,0.0,0.0,0.0,,,,,0.0,0.0,0.0,0.0,,,,,0
2019-07-25,BHI,,,,,,0.0,0.0,0.0,0.0,,,,,0.0,0.0,0.0,0.0,,,,,0
2019-07-26,BHI,,,,,,0.0,0.0,0.0,0.0,,,,,0.0,0.0,0.0,0.0,,,,,0
2019-07-29,BHI,,,,,,0.0,0.0,0.0,0.0,,,,,0.0,0.0,0.0,0.0,,,,,0
2019-07-30,BHI,,,,,,0.0,0.0,0.0,0.0,,,,,0.0,0.0,0.0,0.0,,,,,0
2019-07-31,BHI,,,,,,0.0,0.0,0.0,0.0,,,,,0.0,0.0,0.0,0.0,,,,,0
2019-08-01,BHI,,,,,,0.0,0.0,0.0,0.0,,,,,0.0,0.0,0.0,0.0,,,,,0
2019-08-02,BHI,,,,,,0.0,0.0,0.0,0.0,,,,,0.0,0.0,0.0,0.0,,,,,0
2019-08-05,BHI,,,,,,0.0,0.0,0.0,0.0,,,,,0.0,0.0,0.0,0.0,,,,,0
2019-08-06,BHI,,,,,,0.0,0.0,0.0,0.0,,,,,0.0,0.0,0.0,0.0,,,,,0
2019-08-07,BHI,,,,,,0.0,0.0,0.0,0.0,,,,,0.0,0.0,0.0,0.0,,,,,0
2019-08-08,BHI,,,,,,0.0,0.0,0.0,0.0,,,,,0.0,0.0,0.0,0.0,,,,,0
2019-08-09,BHI,,,,,,0.0,0.0,0.0,0.0,,,,,0.0,0.0,0.0,0.0,,,,,0
2019-08-12,BHI,,,,,,0.0,0.0,0.0,0.0,,,,,0.0,0.0,0.0,0.0,,,,,0
2019-08-13,BHI,,,,,,0.0,0.0,0.0,0.0,,,,,0.0,0.0,0.0,0.0,,,,,0
2019-08-14,BHI,,,,,,0.0,0.0,0.0,0.0,,,,,0.0,0.0,0.0,0.0,,,,,0
2019-08-15,BHI,,,,,,0.0,0.0,0.0,0.0,,,,,0.0,0.0,0.0,0.0,,,,,0
2019-08-16,BHI,,,,,,0.0,0.0,0.0,0.0,,,,,0.0,0.0,0.0,0.0,,,,,0
2019-08-19,BHI,,,,,,0.0,0.0,0.0,0.0,,,,,0.0,0.0,0.0,0.0,,,,,0
2019-08-20,BHI,,,,,,0.0,0.0,0.0,0.0,,,,,0.0,0.0,0.0,0.0,,,,,0
2019-08-21,BHI,,,,,,0.0,0.0,0.0,0.0,,,,,0.0,0.0,0.0,0.0,,,,,0
2019-08-22,BHI,,,,,,0.0,0.0,0.0,0.0,,,,,0.0,0.0,0.0,0.0,,,,,0
2019-08-23,BHI,,,,,,0.0,0.0,0.0,0.0,,,,,0.0,0.0,0.0,0.0,,,,,0
2019-08-26,BHI,,,,,,0.0,0.0,0.0,0.0,,,,,0.0,0.0,0.0,0.0,,,,,0
2019-08-27,BHI,,,,,,0.0,0.0,0.0,0.0,,,,,0.0,0.0,0.0,0.0,,,,,0
2019-08-28,BHI,,,,,,0.0,0.0,0.0,0.0,,,,,0.0,0.0,0.0,0.0,,,,,0
2019-08-29,BHI,,,,,,0.0,0.0,0.0,0.0,,,,,0.0,0.0,0.0,0.0,,,,,0
2019-08-30,BHI,,,,,,0.0,0.0,0.0,0.0,,,,,0.0,0.0,0.0,0.0,,,,,0
2019-09-03,BHI,,,,,,0.0,0.0,0.0,0.0,,,,,0.0,0.0,0.0,0.0,,,,,0
2019-09-04,BHI,,,,,,0.0,0.0,0.0,0.0,,,,,0.0,0.0,0.0,0.0,,,,,0
2019-09-05,BHI,,,,,,0.0,0.0,0.0,0.0,,,,,0.0,0.0,0.0,0.0,,,,,0
2019-09-06,BHI,,,,,,0.0,0.0,0.0,0.0,,,,,0.0,0.0,0.0,0.0,,,,,0
2019-09-09,BHI,,,,,,0.0,0.0,0.0,0.0,,,,,0.0,0.0,0.0,0.0,,,,,0
2019-09-10,BHI,,,,,,0.0,0.0,0.0,0.0,,,,,0.0,0.0,0.0,0.0,,,,,0
2019-09-11,BHI,,,,,,0.0,0.0,0.0,0.0,,,,,0.0,0.0,0.0,0.0,,,,,0
2019-09-12,BHI,,,,,,0.0,0.0,0.0,0.0,,,,,0.0,0.0,0.0,0.0,,,,,0
2019-09-13,BHI,,,,,,0.0,0.0,0.0,0.0,,,,,0.0,0.0,0.0,0.0,,,,,0
2019-09-16,BHI,,,,,,0.0,0.0,0.0,0.0,,,,,0.0,0.0,0.0,0.0,,,,,0
2019-09-17,BHI,,,,,,0.0,0.0,0.0,0.0,,,,,0.0,0.0,0.0,0.0,,,,,0
2019-09-18,BHI,,,,,,0.0,0.0,0.0,0.0,,,,,0.0,0.0,0.0,0.0,,,,,0
2019-09-19,BHI,,,,,,0.0,0.0,0.0,0.0,,,,,0.0,0.0,0.0,0.0,,,,,0
2019-09-20,BHI,,,,,,0.0,0.0,0.0,0.0,,,,,0.0,0.0,0.0,0.0,,,,,0
2019-09-23,BHI,,,,,,0.0,0.0,0.0,0.0,,,,,0.0,0.0,0.0,0.0,,,,,0
2019-09-24,BHI,,,,,,0.0,0.0,0.0,0.0,,,,,0.0,0.0,0.0,0.0,,,,,0
2019-09-25,BHI,,,,,,0.0,0.0,0.0,0.0,,,,,0.0,0.0,0.0,0.0,,,,,0
2019-09-26,BHI,,,,,,0.0,0.0,0.0,0.0,,,,,0.0,0.0,0.0,0.0,,,,,0
2019-09-27,BHI,,,,,,0.0,0.0,0.0,0.0,,,,,0.0,0.0,0.0,0.0,,,,,0
2019-09-30,BHI,,,,,,0.0,0.0,0.0,0.0,,,,,0.0,0.0,0.0,0.0,,,,,0
2019-10-01,BHI,,,,,,0.0,0.0,0.0,0.0,,,,,0.0,0.0,0.0,0.0,,,,,0
2019-10-02,BHI,,,,,,0.0,0.0,0.0,0.0,,,,,0.0,0.0,0.0,0.0,,,,,0
2019-10-03,BHI,,,,,,0.0,0.0,0.0,0.0,,,,,0.0,0.0,0.0,0.0,,,,,0
2019-10-04,BHI,,,,,,0.0,0.0,0.0,0.0,,,,,0.0,0.0,0.0,0.0,,,,,0
2019-10-07,BHI,,,,,,0.0,0.0,0.0,0.0,,,,,0.0,0.0,0.0,0.0,,,,,0
2019-10-08,BHI,,,,,,0.0,0.0,0.0,0.0,,,,,0.0,0.0,0.0,0.0,,,,,0
2019-10-09,BHI,,,,,,0.0,0.0,0.0,0.0,,,,,0.0,0.0,0.0,0.0,,,,,0
2019-10-10,BHI,,,,,,0.0,0.0,0.0,0.0,,,,,0.0,0.0,0.0,0.0,,,,,0
2019-10-11,BHI,,,,,,0.0,0.0,0.0,0.0,,,,,0.0,0.0,0.0,0.0,,,,,0
2019-10-14,BHI,,,,,,0.0,0.0,0.0,0.0,,,,,0.0,0.0,0.0,0.0,,,,,0
2019-10-15,BHI,,,,,,0.0,0.0,0.0,0.0,,,,,0.0,0.0,0.0,0.0,,,,,0
2019-10-16,BHI,,,,,,0.0,0.0,0.0,0.0,,,,,0.0,0.0,0.0,0.0,,,,,0
2019-10-17,BHI,,,,,,0.0,0.0,0.0,0.0,,,,,0.0,0.0,0.0,0.0,,,,,0
2019-10-18,BHI,,,,,,0.0,0.0,0.0,0.0,,,,,0.0,0.0,0.0,0.0,,,,,0
2019-10-21,BHI,,,,,,0.0,0.0,0.0,0.0,,,,,0.0,0.0,0.0,0.0,,,,,0
2019-10-22,BHI,,,,,,0.0,0.0,0.0,0.0,,,,,0.0,0.0,0.0,0.0,,,,,0
2019-10-23,BHI,,,,,,0.0,0.0,0.0,0.0,,,,,0.0,0.0,0.0,0.0,,,,,0
2019-10-24,BHI,,,,,,0.0,0.0,0.0,0.0,,,,,0.0,0.0,0.0,0.0,,,,,0
2019-10-25,BHI,,,,,,0.0,0.0,0.0,0.0,,,,,0.0,0.0,0.0,0.0,,,,,0
2019-10-28,BHI,,,,,,0.0,0.0,0.0,0.0,,,,,0.0,0.0,0.0,0.0,,,,,0
2019-10-29,BHI,,,,,,0.0,0.0,0.0,0.0,,,,,0.0,0.0,0.0,0.0,,,,,0
2019-10-30,BHI,,,,,,0.0,0.0,0.0,0.0,,,,,0.0,0.0,0.0,0.0,,,,,0
2019-10-31,BHI,,,,,,0.0,0.0,0.0,0.0,,,,,0.0,0.0,0.0,0.0,,,,,0
2019-11-01,BHI,,,,,,0.0,0.0,0.0,0.0,,,,,0.0,0.0,0.0,0.0,,,,,0
2019-11-04,BHI,,,,,,0.0,0.0,0.0,0.0,,,,,0.0,0.0,0.0,0.0,,,,,0
2019-11-05,BHI,,,,,,0.0,0.0,0.0,0.0,,,,,0.0,0.0,0.0,0.0,,,,,0
2019-11-06,BHI,,,,,,0.0,0.0,0.0,0.0,,,,,0.0,0.0,0.0,0.0,,,,,0
2019-11-07,BHI,,,,,,0.0,0.0,0.0,0.0,,,,,0.0,0.0,0.0,0.0,,,,,0
2019-11-08,BHI,,,,,,0.0,0.0,0.0,0.0,,,,,0.0,0.0,0.0,0.0,,,,,0
2019-11-11,BHI,,,,,,0.0,0.0,0.0,0.0,,,,,0.0,0.0,0.0,0.0,,,,,0
2019-11-12,BHI,,,,,,0.0,0.0,0.0,0.0,,,,,0.0,0.0,0.0,0.0,,,,,0
2019-11-13,BHI,,,,,,0.0,0.0,0.0,0.0,,,,,0.0,0.0,0.0,0.0,,,,,0
2019-11-14,BHI,,,,,,0.0,0.0,0.0,0.0,,,,,0.0,0.0,0.0,0.0,,,,,0
2019-11-15,BHI,,,,,,0.0,0.0,0.0,0.0,,,,,0.0,0.0,0.0,0.0,,,,,0
2019-11-18,BHI,,,,,,0.0,0.0,0.0,0.0,,,,,0.0,0.0,0.0,0.0,,,,,0
2019-11-19,BHI,,,,,,0.0,0.0,0.0,0.0,,,,,0.0,0.0,0.0,0.0,,,,,0
2019-11-20,BHI,,,,,,0.0,0.0,0.0,0.0,,,,,0.0,0.0,0.0,0.0,,,,,0
2019-11-21,BHI,,,,,,0.0,0.0,0.0,0.0,,,,,0.0,0.0,0.0,0.0,,,,,0
2019-11-22,BHI,,,,,,0.0,0.0,0.0,0.0,,,,,0.0,0.0,0.0,0.0,,,,,0
2019-11-25,BHI,,,,,,0.0,0.0,0.0,0.0,,,,,0.0,0.0,0.0,0.0,,,,,0
2019-11-26,BHI,,,,,,0.0,0.0,0.0,0.0,,,,,0.0,0.0,0.0,0.0,,,,,0
2019-11-27,BHI,,,,,,0.0,0.0,0.0,0.0,,,,,0.0,0.0,0.0,0.0,,,,,0
2019-11-29,BHI,,,,,,0.0,0.0,0.0,0.0,,,,,0.0,0.0,0.0,0.0,,,,,0
2019-12-02,BHI,,,,,,0.0,0.0,0.0,0.0,,,,,0.0,0.0,0.0,0.0,,,,,0
2019-12-03,BHI,,,,,,0.0,0.0,0.0,0.0,,,,,0.0,0.0,0.0,0.0,,,,,0
2019-12-04,BHI,,,,,,0.0,0.0,0.0,0.0,,,,,0.0,0.0,0.0,0.0,,,,,0
2019-12-05,BHI,,,,,,0.0,0.0,0.0,0.0,,,,,0.0,0.0,0.0,0.0,,,,,0
2019-12-06,BHI,,,,,,0.0,0.0,0.0,0.0,,,,,0.0,0.0,0.0,0.0,,,,,0
2019-12-09,BHI,,,,,,0.0,0.0,0.0,0.0,,,,,0.0,0.0,0.0,0.0,,,,,0
2019-12-10,BHI,,,,,,0.0,0.0,0.0,0.0,,,,,0.0,0.0,0.0,0.0,,,,,0
2019-12-11,BHI,,,,,,0.0,0.0,0.0,0.0,,,,,0.0,0.0,0.0,0.0,,,,,0
2019-12-12,BHI,,,,,,0.0,0.0,0.0,0.0,,,,,0.0,0.0,0.0,0.0,,,,,0
2019-12-13,BHI,,,,,,0.0,0.0,0.0,0.0,,,,,0.0,0.0,0.0,0.0,,,,,0
2019-12-16,BHI,,,,,,0.0,0.0,0.0,0.0,,,,,0.0,0.0,0.0,0.0,,,,,0
2019-12-17,BHI,,,,,,0.0,0.0,0.0,0.0,,,,,0.0,0.0,0.0,0.0,,,,,0
2019-12-18,BHI,,,,,,0.0,0.0,0.0,0.0,,,,,0.0,0.0,0.0,0.0,,,,,0
2019-12-19,BHI,,,,,,0.0,0.0,0.0,0.0,,,,,0.0,0.0,0.0,0.0,,,,,0
2019-12-20,BHI,,,,,,0.0,0.0,0.0,0.0,,,,,0.0,0.0,0.0,0.0,,,,,0
2019-12-23,BHI,,,,,,0.0,0.0,0.0,0.0,,,,,0.0,0.0,0.0,0.0,,,,,0
2019-12-24,BHI,,,,,,0.0,0.0,0.0,0.0,,,,,0.0,0.0,0.0,0.0,,,,,0
2019-12-26,BHI,,,,,,0.0,0.0,0.0,0.0,,,,,0.0,0.0,0.0,0.0,,,,,0
2019-12-27,BHI,,,,,,0.0,0.0,0.0,0.0,,,,,0.0,0.0,0.0,0.0,,,,,0
2019-12-30,BHI,,,,,,0.0,0.0,0.0,0.0,,,,,0.0,0.0,0.0,0.0,,,,,0
2019-12-31,BHI,,,,,,0.0,0.0,0.0,0.0,,,,,0.0,0.0,0.0,0.0,,,,,0
2020-01-02,BHI,,,,,,0.0,0.0,0.0,0.0,,,,,0.0,0.0,0.0,0.0,,,,,0
2020-01-03,BHI,,,,,,0.0,0.0,0.0,0.0,,,,,0.0,0.0,0.0,0.0,,,,,0
2020-01-06,BHI,,,,,,0.0,0.0,0.0,0.0,,,,,0.0,0.0,0.0,0.0,,,,,0
2020-01-07,BHI,,,,,,0.0,0.0,0.0,0.0,,,,,0.0,0.0,0.0,0.0,,,,,0
2020-01-08,BHI,,,,,,0.0,0.0,0.0,0.0,,,,,0.0,0.0,0.0,0.0,,,,,0
2020-01-09,BHI,,,,,,0.0,0.0,0.0,0.0,,,,,0.0,0.0,0.0,0.0,,,,,0
2020-01-10,BHI,,,,,,0.0,0.0,0.0,0.0,,,,,0.0,0.0,0.0,0.0,,,,,0
2020-01-13,BHI,,,,,,0.0,0.0,0.0,0.0,,,,,0.0,0.0,0.0,0.0,,,,,0
2020-01-14,BHI,,,,,,0.0,0.0,0.0,0.0,,,,,0.0,0.0,0.0,0.0,,,,,0
2020-01-15,BHI,,,,,,0.0,0.0,0.0,0.0,,,,,0.0,0.0,0.0,0.0,,,,,0
2020-01-16,BHI,,,,,,0.0,0.0,0.0,0.0,,,,,0.0,0.0,0.0,0.0,,,,,0
2020-01-17,BHI,,,,,,0.0,0.0,0.0,0.0,,,,,0.0,0.0,0.0,0.0,,,,,0
2020-01-21,BHI,,,,,,0.0,0.0,0.0,0.0,,,,,0.0,0.0,0.0,0.0,,,,,0
2020-01-22,BHI,,,,,,0.0,0.0,0.0,0.0,,,,,0.0,0.0,0.0,0.0,,,,,0
2020-01-23,BHI,,,,,,0.0,0.0,0.0,0.0,,,,,0.0,0.0,0.0,0.0,,,,,0
2020-01-24,BHI,,,,,,0.0,0.0,0.0,0.0,,,,,0.0,0.0,0.0,0.0,,,,,0
2020-01-27,BHI,,,,,,0.0,0.0,0.0,0.0,,,,,0.0,0.0,0.0,0.0,,,,,0
2020-01-28,BHI,,,,,,0.0,0.0,0.0,0.0,,,,,0.0,0.0,0.0,0.0,,,,,0
2020-01-29,BHI,,,,,,0.0,0.0,0.0,0.0,,,,,0.0,0.0,0.0,0.0,,,,,0
2020-01-30,BHI,,,,,,0.0,0.0,0.0,0.0,,,,,0.0,0.0,0.0,0.0,,,,,0
2020-01-31,BHI,,,,,,0.0,0.0,0.0,0.0,,,,,0.0,0.0,0.0,0.0,,,,,0
2020-02-03,BHI,,,,,,0.0,0.0,0.0,0.0,,,,,0.0,0.0,0.0,0.0,,,,,0
2020-02-04,BHI,,,,,,0.0,0.0,0.0,0.0,,,,,0.0,0.0,0.0,0.0,,,,,0
2020-02-05,BHI,,,,,,0.0,0.0,0.0,0.0,,,,,0.0,0.0,0.0,0.0,,,,,0
2020-02-06,BHI,,,,,,0.0,0.0,0.0,0.0,,,,,0.0,0.0,0.0,0.0,,,,,0
2020-02-07,BHI,,,,,,0.0,0.0,0.0,0.0,,,,,0.0,0.0,0.0,0.0,,,,,0
2020-02-10,BHI,,,,,,0.0,0.0,0.0,0.0,,,,,0.0,0.0,0.0,0.0,,,,,0
2020-02-11,BHI,,,,,,0.0,0.0,0.0,0.0,,,,,0.0,0.0,0.0,0.0,,,,,0
2020-02-12,BHI,,,,,,0.0,0.0,0.0,0.0,,,,,0.0,0.0,0.0,0.0,,,,,0
2020-02-13,BHI,,,,,,0.0,0.0,0.0,0.0,,,,,0.0,0.0,0.0,0.0,,,,,0
2020-02-14,BHI,,,,,,0.0,0.0,0.0,0.0,,,,,0.0,0.0,0.0,0.0,,,,,0
2020-02-18,BHI,,,,,,0.0,0.0,0.0,0.0,,,,,0.0,0.0,0.0,0.0,,,,,0
2020-02-19,BHI,,,,,,0.0,0.0,0.0,0.0,,,,,0.0,0.0,0.0,0.0,,,,,0
2020-02-20,BHI,,,,,,0.0,0.0,0.0,0.0,,,,,0.0,0.0,0.0,0.0,,,,,0
2020-02-21,BHI,,,,,,0.0,0.0,0.0,0.0,,,,,0.0,0.0,0.0,0.0,,,,,0
2020-02-24,BHI,,,,,,0.0,0.0,0.0,0.0,,,,,0.0,0.0,0.0,0.0,,,,,0
2020-02-25,BHI,,,,,,0.0,0.0,0.0,0.0,,,,,0.0,0.0,0.0,0.0,,,,,0
2020-02-26,BHI,,,,,,0.0,0.0,0.0,0.0,,,,,0.0,0.0,0.0,0.0,,,,,0
2020-02-27,BHI,,,,,,0.0,0.0,0.0,0.0,,,,,0.0,0.0,0.0,0.0,,,,,0
2020-02-28,BHI,,,,,,0.0,0.0,0.0,0.0,,,,,0.0,0.0,0.0,0.0,,,,,0
2020-03-02,BHI,,,,,,0.0,0.0,0.0,0.0,,,,,0.0,0.0,0.0,0.0,,,,,0
2020-03-03,BHI,,,,,,0.0,0.0,0.0,0.0,,,,,0.0,0.0,0.0,0.0,,,,,0
2020-03-04,BHI,,,,,,0.0,0.0,0.0,0.0,,,,,0.0,0.0,0.0,0.0,,,,,0
2020-03-05,BHI,,,,,,0.0,0.0,0.0,0.0,,,,,0.0,0.0,0.0,0.0,,,,,0
2020-03-06,BHI,,,,,,0.0,0.0,0.0,0.0,,,,,0.0,0.0,0.0,0.0,,,,,0
2020-03-09,BHI,,,,,,0.0,0.0,0.0,0.0,,,,,0.0,0.0,0.0,0.0,,,,,0
2020-03-10,BHI,,,,,,0.0,0.0,0.0,0.0,,,,,0.0,0.0,0.0,0.0,,,,,0
2020-03-11,BHI,,,,,,0.0,0.0,0.0,0.0,,,,,0.0,0.0,0.0,0.0,,,,,0
2020-03-12,BHI,,,,,,0.0,0.0,0.0,0.0,,,,,0.0,0.0,0.0,0.0,,,,,0
2020-03-13,BHI,,,,,,0.0,0.0,0.0,0.0,,,,,0.0,0.0,0.0,0.0,,,,,0
2020-03-16,BHI,,,,,,0.0,0.0,0.0,0.0,,,,,0.0,0.0,0.0,0.0,,,,,0
2020-03-17,BHI,,,,,,0.0,0.0,0.0,0.0,,,,,0.0,0.0,0.0,0.0,,,,,0
2020-03-18,BHI,,,,,,0.0,0.0,0.0,0.0,,,,,0.0,0.0,0.0,0.0,,,,,0
2020-03-19,BHI,,,,,,0.0,0.0,0.0,0.0,,,,,0.0,0.0,0.0,0.0,,,,,0
2020-03-20,BHI,,,,,,0.0,0.0,0.0,0.0,,,,,0.0,0.0,0.0,0.0,,,,,0
2020-03-23,BHI,,,,,,0.0,0.0,0.0,0.0,,,,,0.0,0.0,0.0,0.0,,,,,0
2020-03-24,BHI,,,,,,0.0,0.0,0.0,0.0,,,,,0.0,0.0,0.0,0.0,,,,,0
2020-03-25,BHI,,,,,,0.0,0.0,0.0,0.0,,,,,0.0,0.0,0.0,0.0,,,,,0
2020-03-26,BHI,,,,,,0.0,0.0,0.0,0.0,,,,,0.0,0.0,0.0,0.0,,,,,0
2020-03-27,BHI,,,,,,0.0,0.0,0.0,0.0,,,,,0.0,0.0,0.0,0.0,,,,,0
2020-03-30,BHI,,,,,,0.0,0.0,0.0,0.0,,,,,0.0,0.0,0.0,0.0,,,,,0
2020-03-31,BHI,,,,,,0.0,0.0,0.0,0.0,,,,,0.0,0.0,0.0,0.0,,,,,0
2020-04-01,BHI,,,,,,0.0,0.0,0.0,0.0,,,,,0.0,0.0,0.0,0.0,,,,,0
2020-04-02,BHI,,,,,,0.0,0.0,0.0,0.0,,,,,0.0,0.0,0.0,0.0,,,,,0
2020-04-03,BHI,,,,,,0.0,0.0,0.0,0.0,,,,,0.0,0.0,0.0,0.0,,,,,0
2020-04-06,BHI,,,,,,0.0,0.0,0.0,0.0,,,,,0.0,0.0,0.0,0.0,,,,,0
2020-04-07,BHI,,,,,,0.0,0.0,0.0,0.0,,,,,0.0,0.0,0.0,0.0,,,,,0
2020-04-08,BHI,,,,,,0.0,0.0,0.0,0.0,,,,,0.0,0.0,0.0,0.0,,,,,0
2020-04-09,BHI,,,,,,0.0,0.0,0.0,0.0,,,,,0.0,0.0,0.0,0.0,,,,,0
2020-04-13,BHI,,,,,,0.0,0.0,0.0,0.0,,,,,0.0,0.0,0.0,0.0,,,,,0
2020-04-14,BHI,,,,,,0.0,0.0,0.0,0.0,,,,,0.0,0.0,0.0,0.0,,,,,0
2020-04-15,BHI,,,,,,0.0,0.0,0.0,0.0,,,,,0.0,0.0,0.0,0.0,,,,,0
2020-04-16,BHI,,,,,,0.0,0.0,0.0,0.0,,,,,0.0,0.0,0.0,0.0,,,,,0
2020-04-17,BHI,,,,,,0.0,0.0,0.0,0.0,,,,,0.0,0.0,0.0,0.0,,,,,0
2020-04-20,BHI,,,,,,0.0,0.0,0.0,0.0,,,,,0.0,0.0,0.0,0.0,,,,,0
2020-04-21,BHI,,,,,,0.0,0.0,0.0,0.0,,,,,0.0,0.0,0.0,0.0,,,,,0
2020-04-22,BHI,,,,,,0.0,0.0,0.0,0.0,,,,,0.0,0.0,0.0,0.0,,,,,0
2020-04-23,BHI,,,,,,0.0,0.0,0.0,0.0,,,,,0.0,0.0,0.0,0.0,,,,,0
2020-04-24,BHI,,,,,,0.0,0.0,0.0,0.0,,,,,0.0,0.0,0.0,0.0,,,,,0
2020-04-27,BHI,,,,,,0.0,0.0,0.0,0.0,,,,,0.0,0.0,0.0,0.0,,,,,0
2020-04-28,BHI,,,,,,0.0,0.0,0.0,0.0,,,,,0.0,0.0,0.0,0.0,,,,,0
2020-04-29,BHI,,,,,,0.0,0.0,0.0,0.0,,,,,0.0,0.0,0.0,0.0,,,,,0
2020-04-30,BHI,,,,,,0.0,0.0,0.0,0.0,,,,,0.0,0.0,0.0,0.0,,,,,0
2020-05-01,BHI,,,,,,0.0,0.0,0.0,0.0,,,,,0.0,0.0,0.0,0.0,,,,,0
2020-05-04,BHI,,,,,,0.0,0.0,0.0,0.0,,,,,0.0,0.0,0.0,0.0,,,,,0
2020-05-05,BHI,,,,,,0.0,0.0,0.0,0.0,,,,,0.0,0.0,0.0,0.0,,,,,0
2020-05-06,BHI,,,,,,0.0,0.0,0.0,0.0,,,,,0.0,0.0,0.0,0.0,,,,,0
2020-05-07,BHI,,,,,,0.0,0.0,0.0,0.0,,,,,0.0,0.0,0.0,0.0,,,,,0
2020-05-08,BHI,,,,,,0.0,0.0,0.0,0.0,,,,,0.0,0.0,0.0,0.0,,,,,0
2020-05-11,BHI,,,,,,0.0,0.0,0.0,0.0,,,,,0.0,0.0,0.0,0.0,,,,,0
2020-05-12,BHI,,,,,,0.0,0.0,0.0,0.0,,,,,0.0,0.0,0.0,0.0,,,,,0
2020-05-13,BHI,,,,,,0.0,0.0,0.0,0.0,,,,,0.0,0.0,0.0,0.0,,,,,0
2020-05-14,BHI,,,,,,0.0,0.0,0.0,0.0,,,,,0.0,0.0,0.0,0.0,,,,,0
2020-05-15,BHI,,,,,,0.0,0.0,0.0,0.0,,,,,0.0,0.0,0.0,0.0,,,,,0
2020-05-18,BHI,,,,,,0.0,0.0,0.0,0.0,,,,,0.0,0.0,0.0,0.0,,,,,0
2020-05-19,BHI,,,,,,0.0,0.0,0.0,0.0,,,,,0.0,0.0,0.0,0.0,,,,,0
2020-05-20,BHI,,,,,,0.0,0.0,0.0,0.0,,,,,0.0,0.0,0.0,0.0,,,,,0
2020-05-21,BHI,,,,,,0.0,0.0,0.0,0.0,,,,,0.0,0.0,0.0,0.0,,,,,0
2020-05-22,BHI,,,,,,0.0,0.0,0.0,0.0,,,,,0.0,0.0,0.0,0.0,,,,,0
2020-05-26,BHI,,,,,,0.0,0.0,0.0,0.0,,,,,0.0,0.0,0.0,0.0,,,,,0
2020-05-27,BHI,,,,,,0.0,0.0,0.0,0.0,,,,,0.0,0.0,0.0,0.0,,,,,0
2020-05-28,BHI,,,,,,0.0,0.0,0.0,0.0,,,,,0.0,0.0,0.0,0.0,,,,,0
2020-05-29,BHI,,,,,,0.0,0.0,0.0,0.0,,,,,0.0,0.0,0.0,0.0,,,,,0
2020-06-01,BHI,,,,,,0.0,0.0,0.0,0.0,,,,,0.0,0.0,0.0,0.0,,,,,0
2020-06-02,BHI,,,,,,0.0,0.0,0.0,0.0,,,,,0.0,0.0,0.0,0.0,,,,,0
2020-06-03,BHI,,,,,,0.0,0.0,0.0,0.0,,,,,0.0,0.0,0.0,0.0,,,,,0
2020-06-04,BHI,,,,,,0.0,0.0,0.0,0.0,,,,,0.0,0.0,0.0,0.0,,,,,0
2020-06-05,BHI,,,,,,0.0,0.0,0.0,0.0,,,,,0.0,0.0,0.0,0.0,,,,,0
2020-06-08,BHI,,,,,,0.0,0.0,0.0,0.0,,,,,0.0,0.0,0.0,0.0,,,,,0
2020-06-09,BHI,,,,,,0.0,0.0,0.0,0.0,,,,,0.0,0.0,0.0,0.0,,,,,0
2020-06-10,BHI,,,,,,0.0,0.0,0.0,0.0,,,,,0.0,0.0,0.0,0.0,,,,,0
2020-06-11,BHI,,,,,,0.0,0.0,0.0,0.0,,,,,0.0,0.0,0.0,0.0,,,,,0
2020-06-12,BHI,,,,,,0.0,0.0,0.0,0.0,,,,,0.0,0.0,0.0,0.0,,,,,0
2020-06-15,BHI,,,,,,0.0,0.0,0.0,0.0,,,,,0.0,0.0,0.0,0.0,,,,,0
2020-06-16,BHI,,,,,,0.0,0.0,0.0,0.0,,,,,0.0,0.0,0.0,0.0,,,,,0
2020-06-17,BHI,,,,,,0.0,0.0,0.0,0.0,,,,,0.0,0.0,0.0,0.0,,,,,0
2020-06-18,BHI,,,,,,0.0,0.0,0.0,0.0,,,,,0.0,0.0,0.0,0.0,,,,,0
2020-06-19,BHI,,,,,,0.0,0.0,0.0,0.0,,,,,0.0,0.0,0.0,0.0,,,,,0
2020-06-22,BHI,,,,,,0.0,0.0,0.0,0.0,,,,,0.0,0.0,0.0,0.0,,,,,0
2020-06-23,BHI,,,,,,0.0,0.0,0.0,0.0,,,,,0.0,0.0,0.0,0.0,,,,,0
2020-06-24,BHI,,,,,,0.0,0.0,0.0,0.0,,,,,0.0,0.0,0.0,0.0,,,,,0
2020-06-25,BHI,,,,,,0.0,0.0,0.0,0.0,,,,,0.0,0.0,0.0,0.0,,,,,0
2020-06-26,BHI,,,,,,0.0,0.0,0.0,0.0,,,,,0.0,0.0,0.0,0.0,,,,,0
2020-06-29,BHI,,,,,,0.0,0.0,0.0,0.0,,,,,0.0,0.0,0.0,0.0,,,,,0
2020-06-30,BHI,,,,,,0.0,0.0,0.0,0.0,,,,,0.0,0.0,0.0,0.0,,,,,0
2020-07-01,BHI,,,,,,0.0,0.0,0.0,0.0,,,,,0.0,0.0,0.0,0.0,,,,,0
2020-07-02,BHI,,,,,,0.0,0.0,0.0,0.0,,,,,0.0,0.0,0.0,0.0,,,,,0
2020-07-06,BHI,,,,,,0.0,0.0,0.0,0.0,,,,,0.0,0.0,0.0,0.0,,,,,0
2020-07-07,BHI,,,,,,0.0,0.0,0.0,0.0,,,,,0.0,0.0,0.0,0.0,,,,,0
2020-07-08,BHI,,,,,,0.0,0.0,0.0,0.0,,,,,0.0,0.0,0.0,0.0,,,,,0
2020-07-09,BHI,,,,,,0.0,0.0,0.0,0.0,,,,,0.0,0.0,0.0,0.0,,,,,0
2020-07-10,BHI,,,,,,0.0,0.0,0.0,0.0,,,,,0.0,0.0,0.0,0.0,,,,,0
2020-07-13,BHI,,,,,,0.0,0.0,0.0,0.0,,,,,0.0,0.0,0.0,0.0,,,,,0
2020-07-14,BHI,,,,,,0.0,0.0,0.0,0.0,,,,,0.0,0.0,0.0,0.0,,,,,0
2020-07-15,BHI,,,,,,0.0,0.0,0.0,0.0,,,,,0.0,0.0,0.0,0.0,,,,,0
2020-07-16,BHI,,,,,,0.0,0.0,0.0,0.0,,,,,0.0,0.0,0.0,0.0,,,,,0
2020-07-17,BHI,,,,,,0.0,0.0,0.0,0.0,,,,,0.0,0.0,0.0,0.0,,,,,0
2020-07-20,BHI,,,,,,0.0,0.0,0.0,0.0,,,,,0.0,0.0,0.0,0.0,,,,,0
2020-07-21,BHI,,,,,,0.0,0.0,0.0,0.0,,,,,0.0,0.0,0.0,0.0,,,,,0
2020-07-22,BHI,,,,,,0.0,0.0,0.0,0.0,,,,,0.0,0.0,0.0,0.0,,,,,0
2020-07-23,BHI,,,,,,0.0,0.0,0.0,0.0,,,,,0.0,0.0,0.0,0.0,,,,,0
2020-07-24,BHI,,,,,,0.0,0.0,0.0,0.0,,,,,0.0,0.0,0.0,0.0,,,,,0
2020-07-27,BHI,,,,,,0.0,0.0,0.0,0.0,,,,,0.0,0.0,0.0,0.0,,,,,0
2020-07-28,BHI,,,,,,0.0,0.0,0.0,0.0,,,,,0.0,0.0,0.0,0.0,,,,,0
2020-07-29,BHI,,,,,,0.0,0.0,0.0,0.0,,,,,0.0,0.0,0.0,0.0,,,,,0
2020-07-30,BHI,,,,,,0.0,0.0,0.0,0.0,,,,,0.0,0.0,0.0,0.0,,,,,0
2020-07-31,BHI,,,,,,0.0,0.0,0.0,0.0,,,,,0.0,0.0,0.0,0.0,,,,,0
2020-08-03,BHI,,,,,,0.0,0.0,0.0,0.0,,,,,0.0,0.0,0.0,0.0,,,,,0
2020-08-04,BHI,,,,,,0.0,0.0,0.0,0.0,,,,,0.0,0.0,0.0,0.0,,,,,0
2020-08-05,BHI,,,,,,0.0,0.0,0.0,0.0,,,,,0.0,0.0,0.0,0.0,,,,,0
2020-08-06,BHI,,,,,,0.0,0.0,0.0,0.0,,,,,0.0,0.0,0.0,0.0,,,,,0
2020-08-07,BHI,,,,,,0.0,0.0,0.0,0.0,,,,,0.0,0.0,0.0,0.0,,,,,0
2020-08-10,BHI,,,,,,0.0,0.0,0.0,0.0,,,,,0.0,0.0,0.0,0.0,,,,,0
2020-08-11,BHI,,,,,,0.0,0.0,0.0,0.0,,,,,0.0,0.0,0.0,0.0,,,,,0
2020-08-12,BHI,,,,,,0.0,0.0,0.0,0.0,,,,,0.0,0.0,0.0,0.0,,,,,0
2020-08-13,BHI,,,,,,0.0,0.0,0.0,0.0,,,,,0.0,0.0,0.0,0.0,,,,,0
2020-08-14,BHI,,,,,,0.0,0.0,0.0,0.0,,,,,0.0,0.0,0.0,0.0,,,,,0
2020-08-17,BHI,,,,,,0.0,0.0,0.0,0.0,,,,,0.0,0.0,0.0,0.0,,,,,0
2020-08-18,BHI,,,,,,0.0,0.0,0.0,0.0,,,,,0.0,0.0,0.0,0.0,,,,,0
2020-08-19,BHI,,,,,,0.0,0.0,0.0,0.0,,,,,0.0,0.0,0.0,0.0,,,,,0
2020-08-20,BHI,,,,,,0.0,0.0,0.0,0.0,,,,,0.0,0.0,0.0,0.0,,,,,0
2020-08-21,BHI,,,,,,0.0,0.0,0.0,0.0,,,,,0.0,0.0,0.0,0.0,,,,,0
2020-08-24,BHI,,,,,,0.0,0.0,0.0,0.0,,,,,0.0,0.0,0.0,0.0,,,,,0
2020-08-25,BHI,,,,,,0.0,0.0,0.0,0.0,,,,,0.0,0.0,0.0,0.0,,,,,0
2020-08-26,BHI,,,,,,0.0,0.0,0.0,0.0,,,,,0.0,0.0,0.0,0.0,,,,,0
2020-08-27,BHI,,,,,,0.0,0.0,0.0,0.0,,,,,0.0,0.0,0.0,0.0,,,,,0
2020-08-28,BHI,,,,,,0.0,0.0,0.0,0.0,,,,,0.0,0.0,0.0,0.0,,,,,0
2020-08-31,BHI,,,,,,0.0,0.0,0.0,0.0,,,,,0.0,0.0,0.0,0.0,,,,,0
2020-09-01,BHI,,,,,,0.0,0.0,0.0,0.0,,,,,0.0,0.0,0.0,0.0,,,,,0
2020-09-02,BHI,,,,,,0.0,0.0,0.0,0.0,,,,,0.0,0.0,0.0,0.0,,,,,0
2020-09-03,BHI,,,,,,0.0,0.0,0.0,0.0,,,,,0.0,0.0,0.0,0.0,,,,,0
2020-09-04,BHI,,,,,,0.0,0.0,0.0,0.0,,,,,0.0,0.0,0.0,0.0,,,,,0
2020-09-08,BHI,,,,,,0.0,0.0,0.0,0.0,,,,,0.0,0.0,0.0,0.0,,,,,0
2020-09-09,BHI,,,,,,0.0,0.0,0.0,0.0,,,,,0.0,0.0,0.0,0.0,,,,,0
2020-09-10,BHI,,,,,,0.0,0.0,0.0,0.0,,,,,0.0,0.0,0.0,0.0,,,,,0
2020-09-11,BHI,,,,,,0.0,0.0,0.0,0.0,,,,,0.0,0.0,0.0,0.0,,,,,0
2020-09-14,BHI,,,,,,0.0,0.0,0.0,0.0,,,,,0.0,0.0,0.0,0.0,,,,,0
2020-09-15,BHI,,,,,,0.0,0.0,0.0,0.0,,,,,0.0,0.0,0.0,0.0,,,,,0
2020-09-16,BHI,,,,,,0.0,0.0,0.0,0.0,,,,,0.0,0.0,0.0,0.0,,,,,0
2020-09-17,BHI,,,,,,0.0,0.0,0.0,0.0,,,,,0.0,0.0,0.0,0.0,,,,,0
2020-09-18,BHI,,,,,,0.0,0.0,0.0,0.0,,,,,0.0,0.0,0.0,0.0,,,,,0
2020-09-21,BHI,,,,,,0.0,0.0,0.0,0.0,,,,,0.0,0.0,0.0,0.0,,,,,0
2020-09-22,BHI,,,,,,0.0,0.0,0.0,0.0,,,,,0.0,0.0,0.0,0.0,,,,,0
2020-09-23,BHI,,,,,,0.0,0.0,0.0,0.0,,,,,0.0,0.0,0.0,0.0,,,,,0
2020-09-24,BHI,,,,,,0.0,0.0,0.0,0.0,,,,,0.0,0.0,0.0,0.0,,,,,0
2020-09-25,BHI,,,,,,0.0,0.0,0.0,0.0,,,,,0.0,0.0,0.0,0.0,,,,,0
2020-09-28,BHI,,,,,,0.0,0.0,0.0,0.0,,,,,0.0,0.0,0.0,0.0,,,,,0
2020-09-29,BHI,,,,,,0.0,0.0,0.0,0.0,,,,,0.0,0.0,0.0,0.0,,,,,0
2020-09-30,BHI,,,,,,0.0,0.0,0.0,0.0,,,,,0.0,0.0,0.0,0.0,,,,,0
2020-10-01,BHI,,,,,,0.0,0.0,0.0,0.0,,,,,0.0,0.0,0.0,0.0,,,,,0
2020-10-02,BHI,,,,,,0.0,0.0,0.0,0.0,,,,,0.0,0.0,0.0,0.0,,,,,0
2020-10-05,BHI,,,,,,0.0,0.0,0.0,0.0,,,,,0.0,0.0,0.0,0.0,,,,,0
2020-10-06,BHI,,,,,,0.0,0.0,0.0,0.0,,,,,0.0,0.0,0.0,0.0,,,,,0
2020-10-07,BHI,,,,,,0.0,0.0,0.0,0.0,,,,,0.0,0.0,0.0,0.0,,,,,0
2020-10-08,BHI,,,,,,0.0,0.0,0.0,0.0,,,,,0.0,0.0,0.0,0.0,,,,,0
2020-10-09,BHI,,,,,,0.0,0.0,0.0,0.0,,,,,0.0,0.0,0.0,0.0,,,,,0
2020-10-12,BHI,,,,,,0.0,0.0,0.0,0.0,,,,,0.0,0.0,0.0,0.0,,,,,0
2020-10-13,BHI,,,,,,0.0,0.0,0.0,0.0,,,,,0.0,0.0,0.0,0.0,,,,,0
2020-10-14,BHI,,,,,,0.0,0.0,0.0,0.0,,,,,0.0,0.0,0.0,0.0,,,,,0
2020-10-15,BHI,,,,,,0.0,0.0,0.0,0.0,,,,,0.0,0.0,0.0,0.0,,,,,0
2020-10-16,BHI,,,,,,0.0,0.0,0.0,0.0,,,,,0.0,0.0,0.0,0.0,,,,,0
2020-10-19,BHI,,,,,,0.0,0.0,0.0,0.0,,,,,0.0,0.0,0.0,0.0,,,,,0
2020-10-20,BHI,,,,,,0.0,0.0,0.0,0.0,,,,,0.0,0.0,0.0,0.0,,,,,0
2020-10-21,BHI,,,,,,0.0,0.0,0.0,0.0,,,,,0.0,0.0,0.0,0.0,,,,,0
2020-10-22,BHI,,,,,,0.0,0.0,0.0,0.0,,,,,0.0,0.0,0.0,0.0,,,,,0
2020-10-23,BHI,,,,,,0.0,0.0,0.0,0.0,,,,,0.0,0.0,0.0,0.0,,,,,0
2020-10-26,BHI,,,,,,0.0,0.0,0.0,0.0,,,,,0.0,0.0,0.0,0.0,,,,,0
2020-10-27,BHI,,,,,,0.0,0.0,0.0,0.0,,,,,0.0,0.0,0.0,0.0,,,,,0
2020-10-28,BHI,,,,,,0.0,0.0,0.0,0.0,,,,,0.0,0.0,0.0,0.0,,,,,0
2020-10-29,BHI,,,,,,0.0,0.0,0.0,0.0,,,,,0.0,0.0,0.0,0.0,,,,,0
2020-10-30,BHI,,,,,,0.0,0.0,0.0,0.0,,,,,0.0,0.0,0.0,0.0,,,,,0
2020-11-02,BHI,,,,,,0.0,0.0,0.0,0.0,,,,,0.0,0.0,0.0,0.0,,,,,0
2020-11-03,BHI,,,,,,0.0,0.0,0.0,0.0,,,,,0.0,0.0,0.0,0.0,,,,,0
2020-11-04,BHI,,,,,,0.0,0.0,0.0,0.0,,,,,0.0,0.0,0.0,0.0,,,,,0
2020-11-05,BHI,,,,,,0.0,0.0,0.0,0.0,,,,,0.0,0.0,0.0,0.0,,,,,0
2020-11-06,BHI,,,,,,0.0,0.0,0.0,0.0,,,,,0.0,0.0,0.0,0.0,,,,,0
2020-11-09,BHI,,,,,,0.0,0.0,0.0,0.0,,,,,0.0,0.0,0.0,0.0,,,,,0
2020-11-10,BHI,,,,,,0.0,0.0,0.0,0.0,,,,,0.0,0.0,0.0,0.0,,,,,0
2020-11-11,BHI,,,,,,0.0,0.0,0.0,0.0,,,,,0.0,0.0,0.0,0.0,,,,,0
2020-11-12,BHI,,,,,,0.0,0.0,0.0,0.0,,,,,0.0,0.0,0.0,0.0,,,,,0
2020-11-13,BHI,,,,,,0.0,0.0,0.0,0.0,,,,,0.0,0.0,0.0,0.0,,,,,0
2020-11-16,BHI,,,,,,0.0,0.0,0.0,0.0,,,,,0.0,0.0,0.0,0.0,,,,,0
2020-11-17,BHI,,,,,,0.0,0.0,0.0,0.0,,,,,0.0,0.0,0.0,0.0,,,,,0
2020-11-18,BHI,,,,,,0.0,0.0,0.0,0.0,,,,,0.0,0.0,0.0,0.0,,,,,0
2020-11-19,BHI,,,,,,0.0,0.0,0.0,0.0,,,,,0.0,0.0,0.0,0.0,,,,,0
2020-11-20,BHI,,,,,,0.0,0.0,0.0,0.0,,,,,0.0,0.0,0.0,0.0,,,,,0
2020-11-23,BHI,,,,,,0.0,0.0,0.0,0.0,,,,,0.0,0.0,0.0,0.0,,,,,0
2020-11-24,BHI,,,,,,0.0,0.0,0.0,0.0,,,,,0.0,0.0,0.0,0.0,,,,,0
2020-11-25,BHI,,,,,,0.0,0.0,0.0,0.0,,,,,0.0,0.0,0.0,0.0,,,,,0
2020-11-27,BHI,,,,,,0.0,0.0,0.0,0.0,,,,,0.0,0.0,0.0,0.0,,,,,0
2020-11-30,BHI,,,,,,0.0,0.0,0.0,0.0,,,,,0.0,0.0,0.0,0.0,,,,,0
2020-12-01,BHI,,,,,,0.0,0.0,0.0,0.0,,,,,0.0,0.0,0.0,0.0,,,,,0
2020-12-02,BHI,,,,,,0.0,0.0,0.0,0.0,,,,,0.0,0.0,0.0,0.0,,,,,0
2020-12-03,BHI,,,,,,0.0,0.0,0.0,0.0,,,,,0.0,0.0,0.0,0.0,,,,,0
2020-12-04,BHI,,,,,,0.0,0.0,0.0,0.0,,,,,0.0,0.0,0.0,0.0,,,,,0
2020-12-07,BHI,,,,,,0.0,0.0,0.0,0.0,,,,,0.0,0.0,0.0,0.0,,,,,0
2020-12-08,BHI,,,,,,0.0,0.0,0.0,0.0,,,,,0.0,0.0,0.0,0.0,,,,,0
2020-12-09,BHI,,,,,,0.0,0.0,0.0,0.0,,,,,0.0,0.0,0.0,0.0,,,,,0
2020-12-10,BHI,,,,,,0.0,0.0,0.0,0.0,,,,,0.0,0.0,0.0,0.0,,,,,0
2020-12-11,BHI,,,,,,0.0,0.0,0.0,0.0,,,,,0.0,0.0,0.0,0.0,,,,,0
2020-12-14,BHI,,,,,,0.0,0.0,0.0,0.0,,,,,0.0,0.0,0.0,0.0,,,,,0
2020-12-15,BHI,,,,,,0.0,0.0,0.0,0.0,,,,,0.0,0.0,0.0,0.0,,,,,0
2020-12-16,BHI,,,,,,0.0,0.0,0.0,0.0,,,,,0.0,0.0,0.0,0.0,,,,,0
2020-12-17,BHI,,,,,,0.0,0.0,0.0,0.0,,,,,0.0,0.0,0.0,0.0,,,,,0
2020-12-18,BHI,,,,,,0.0,0.0,0.0,0.0,,,,,0.0,0.0,0.0,0.0,,,,,0
2020-12-21,BHI,,,,,,0.0,0.0,0.0,0.0,,,,,0.0,0.0,0.0,0.0,,,,,0
2020-12-22,BHI,,,,,,0.0,0.0,0.0,0.0,,,,,0.0,0.0,0.0,0.0,,,,,0
2020-12-23,BHI,,,,,,0.0,0.0,0.0,0.0,,,,,0.0,0.0,0.0,0.0,,,,,0
2020-12-24,BHI,,,,,,0.0,0.0,0.0,0.0,,,,,0.0,0.0,0.0,0.0,,,,,0
2020-12-28,BHI,,,,,,0.0,0.0,0.0,0.0,,,,,0.0,0.0,0.0,0.0,,,,,0
2020-12-29,BHI,,,,,,0.0,0.0,0.0,0.0,,,,,0.0,0.0,0.0,0.0,,,,,0
2020-12-30,BHI,,,,,,0.0,0.0,0.0,0.0,,,,,0.0,0.0,0.0,0.0,,,,,0
2020-12-31,BHI,,,,,,0.0,0.0,0.0,0.0,,,,,0.0,0.0,0.0,0.0,,,,,0
2021-01-04,BHI,,,,,,0.0,0.0,0.0,0.0,,,,,0.0,0.0,0.0,0.0,,,,,0
2021-01-05,BHI,,,,,,0.0,0.0,0.0,0.0,,,,,0.0,0.0,0.0,0.0,,,,,0
2021-01-06,BHI,,,,,,0.0,0.0,0.0,0.0,,,,,0.0,0.0,0.0,0.0,,,,,0
2021-01-07,BHI,,,,,,0.0,0.0,0.0,0.0,,,,,0.0,0.0,0.0,0.0,,,,,0
2021-01-08,BHI,,,,,,0.0,0.0,0.0,0.0,,,,,0.0,0.0,0.0,0.0,,,,,0
2021-01-11,BHI,,,,,,0.0,0.0,0.0,0.0,,,,,0.0,0.0,0.0,0.0,,,,,0
2021-01-12,BHI,,,,,,0.0,0.0,0.0,0.0,,,,,0.0,0.0,0.0,0.0,,,,,0
2021-01-13,BHI,,,,,,0.0,0.0,0.0,0.0,,,,,0.0,0.0,0.0,0.0,,,,,0
2021-01-14,BHI,,,,,,0.0,0.0,0.0,0.0,,,,,0.0,0.0,0.0,0.0,,,,,0
2021-01-15,BHI,,,,,,0.0,0.0,0.0,0.0,,,,,0.0,0.0,0.0,0.0,,,,,0
2021-01-19,BHI,,,,,,0.0,0.0,0.0,0.0,,,,,0.0,0.0,0.0,0.0,,,,,0
2021-01-20,BHI,,,,,,0.0,0.0,0.0,0.0,,,,,0.0,0.0,0.0,0.0,,,,,0
2021-01-21,BHI,,,,,,0.0,0.0,0.0,0.0,,,,,0.0,0.0,0.0,0.0,,,,,0
2021-01-22,BHI,,,,,,0.0,0.0,0.0,0.0,,,,,0.0,0.0,0.0,0.0,,,,,0
2021-01-25,BHI,,,,,,0.0,0.0,0.0,0.0,,,,,0.0,0.0,0.0,0.0,,,,,0
2021-01-26,BHI,,,,,,0.0,0.0,0.0,0.0,,,,,0.0,0.0,0.0,0.0,,,,,0
2021-01-27,BHI,,,,,,0.0,0.0,0.0,0.0,,,,,0.0,0.0,0.0,0.0,,,,,0
2021-01-28,BHI,,,,,,0.0,0.0,0.0,0.0,,,,,0.0,0.0,0.0,0.0,,,,,0
2021-01-29,BHI,,,,,,0.0,0.0,0.0,0.0,,,,,0.0,0.0,0.0,0.0,,,,,0
2021-02-01,BHI,,,,,,0.0,0.0,0.0,0.0,,,,,0.0,0.0,0.0,0.0,,,,,0
2021-02-02,BHI,,,,,,0.0,0.0,0.0,0.0,,,,,0.0,0.0,0.0,0.0,,,,,0
2021-02-03,BHI,,,,,,0.0,0.0,0.0,0.0,,,,,0.0,0.0,0.0,0.0,,,,,0
2021-02-04,BHI,,,,,,0.0,0.0,0.0,0.0,,,,,0.0,0.0,0.0,0.0,,,,,0
2021-02-05,BHI,,,,,,0.0,0.0,0.0,0.0,,,,,0.0,0.0,0.0,0.0,,,,,0
2021-02-08,BHI,,,,,,0.0,0.0,0.0,0.0,,,,,0.0,0.0,0.0,0.0,,,,,0
2021-02-09,BHI,,,,,,0.0,0.0,0.0,0.0,,,,,0.0,0.0,0.0,0.0,,,,,0
2021-02-10,BHI,,,,,,0.0,0.0,0.0,0.0,,,,,0.0,0.0,0.0,0.0,,,,,0
2021-02-11,BHI,,,,,,0.0,0.0,0.0,0.0,,,,,0.0,0.0,0.0,0.0,,,,,0
2021-02-12,BHI,,,,,,0.0,0.0,0.0,0.0,,,,,0.0,0.0,0.0,0.0,,,,,0
2021-02-16,BHI,,,,,,0.0,0.0,0.0,0.0,,,,,0.0,0.0,0.0,0.0,,,,,0
2021-02-17,BHI,,,,,,0.0,0.0,0.0,0.0,,,,,0.0,0.0,0.0,0.0,,,,,0
2021-02-18,BHI,,,,,,0.0,0.0,0.0,0.0,,,,,0.0,0.0,0.0,0.0,,,,,0
2021-02-19,BHI,,,,,,0.0,0.0,0.0,0.0,,,,,0.0,0.0,0.0,0.0,,,,,0
2021-02-22,BHI,,,,,,0.0,0.0,0.0,0.0,,,,,0.0,0.0,0.0,0.0,,,,,0
2021-02-23,BHI,,,,,,0.0,0.0,0.0,0.0,,,,,0.0,0.0,0.0,0.0,,,,,0
2021-02-24,BHI,,,,,,0.0,0.0,0.0,0.0,,,,,0.0,0.0,0.0,0.0,,,,,0
2021-02-25,BHI,,,,,,0.0,0.0,0.0,0.0,,,,,0.0,0.0,0.0,0.0,,,,,0
2021-02-26,BHI,,,,,,0.0,0.0,0.0,0.0,,,,,0.0,0.0,0.0,0.0,,,,,0
2021-03-01,BHI,,,,,,0.0,0.0,0.0,0.0,,,,,0.0,0.0,0.0,0.0,,,,,0
2021-03-02,BHI,,,,,,0.0,0.0,0.0,0.0,,,,,0.0,0.0,0.0,0.0,,,,,0
2021-03-03,BHI,,,,,,0.0,0.0,0.0,0.0,,,,,0.0,0.0,0.0,0.0,,,,,0
2021-03-04,BHI,,,,,,0.0,0.0,0.0,0.0,,,,,0.0,0.0,0.0,0.0,,,,,0
2021-03-05,BHI,,,,,,0.0,0.0,0.0,0.0,,,,,0.0,0.0,0.0,0.0,,,,,0
2021-03-08,BHI,,,,,,0.0,0.0,0.0,0.0,,,,,0.0,0.0,0.0,0.0,,,,,0
2021-03-09,BHI,,,,,,0.0,0.0,0.0,0.0,,,,,0.0,0.0,0.0,0.0,,,,,0
2021-03-10,BHI,,,,,,0.0,0.0,0.0,0.0,,,,,0.0,0.0,0.0,0.0,,,,,0
2021-03-11,BHI,,,,,,0.0,0.0,0.0,0.0,,,,,0.0,0.0,0.0,0.0,,,,,0
2021-03-12,BHI,,,,,,0.0,0.0,0.0,0.0,,,,,0.0,0.0,0.0,0.0,,,,,0
2021-03-15,BHI,,,,,,0.0,0.0,0.0,0.0,,,,,0.0,0.0,0.0,0.0,,,,,0
2021-03-16,BHI,,,,,,0.0,0.0,0.0,0.0,,,,,0.0,0.0,0.0,0.0,,,,,0
2021-03-17,BHI,,,,,,0.0,0.0,0.0,0.0,,,,,0.0,0.0,0.0,0.0,,,,,0
2021-03-18,BHI,,,,,,0.0,0.0,0.0,0.0,,,,,0.0,0.0,0.0,0.0,,,,,0
2021-03-19,BHI,,,,,,0.0,0.0,0.0,0.0,,,,,0.0,0.0,0.0,0.0,,,,,0
2021-03-22,BHI,,,,,,0.0,0.0,0.0,0.0,,,,,0.0,0.0,0.0,0.0,,,,,0
2021-03-23,BHI,,,,,,0.0,0.0,0.0,0.0,,,,,0.0,0.0,0.0,0.0,,,,,0
2021-03-24,BHI,,,,,,0.0,0.0,0.0,0.0,,,,,0.0,0.0,0.0,0.0,,,,,0
2021-03-25,BHI,,,,,,0.0,0.0,0.0,0.0,,,,,0.0,0.0,0.0,0.0,,,,,0
2021-03-26,BHI,,,,,,0.0,0.0,0.0,0.0,,,,,0.0,0.0,0.0,0.0,,,,,0
2021-03-29,BHI,,,,,,0.0,0.0,0.0,0.0,,,,,0.0,0.0,0.0,0.0,,,,,0
2021-03-30,BHI,,,,,,0.0,0.0,0.0,0.0,,,,,0.0,0.0,0.0,0.0,,,,,0
2021-03-31,BHI,,,,,,0.0,0.0,0.0,0.0,,,,,0.0,0.0,0.0,0.0,,,,,0
2021-04-01,BHI,,,,,,0.0,0.0,0.0,0.0,,,,,0.0,0.0,0.0,0.0,,,,,0
2021-04-05,BHI,,,,,,0.0,0.0,0.0,0.0,,,,,0.0,0.0,0.0,0.0,,,,,0
2021-04-06,BHI,,,,,,0.0,0.0,0.0,0.0,,,,,0.0,0.0,0.0,0.0,,,,,0
2021-04-07,BHI,,,,,,0.0,0.0,0.0,0.0,,,,,0.0,0.0,0.0,0.0,,,,,0
2021-04-08,BHI,,,,,,0.0,0.0,0.0,0.0,,,,,0.0,0.0,0.0,0.0,,,,,0
2021-04-09,BHI,,,,,,0.0,0.0,0.0,0.0,,,,,0.0,0.0,0.0,0.0,,,,,0
2021-04-12,BHI,,,,,,0.0,0.0,0.0,0.0,,,,,0.0,0.0,0.0,0.0,,,,,0
2021-04-13,BHI,,,,,,0.0,0.0,0.0,0.0,,,,,0.0,0.0,0.0,0.0,,,,,0
2021-04-14,BHI,,,,,,0.0,0.0,0.0,0.0,,,,,0.0,0.0,0.0,0.0,,,,,0
2021-04-15,BHI,,,,,,0.0,0.0,0.0,0.0,,,,,0.0,0.0,0.0,0.0,,,,,0
2021-04-16,BHI,,,,,,0.0,0.0,0.0,0.0,,,,,0.0,0.0,0.0,0.0,,,,,0
2021-04-19,BHI,,,,,,0.0,0.0,0.0,0.0,,,,,0.0,0.0,0.0,0.0,,,,,0
2021-04-20,BHI,,,,,,0.0,0.0,0.0,0.0,,,,,0.0,0.0,0.0,0.0,,,,,0
2021-04-21,BHI,,,,,,0.0,0.0,0.0,0.0,,,,,0.0,0.0,0.0,0.0,,,,,0
2021-04-22,BHI,,,,,,0.0,0.0,0.0,0.0,,,,,0.0,0.0,0.0,0.0,,,,,0
2021-04-23,BHI,,,,,,0.0,0.0,0.0,0.0,,,,,0.0,0.0,0.0,0.0,,,,,0
2021-04-26,BHI,,,,,,0.0,0.0,0.0,0.0,,,,,0.0,0.0,0.0,0.0,,,,,0
2021-04-27,BHI,,,,,,0.0,0.0,0.0,0.0,,,,,0.0,0.0,0.0,0.0,,,,,0
2021-04-28,BHI,,,,,,0.0,0.0,0.0,0.0,,,,,0.0,0.0,0.0,0.0,,,,,0
2021-04-29,BHI,,,,,,0.0,0.0,0.0,0.0,,,,,0.0,0.0,0.0,0.0,,,,,0
2021-04-30,BHI,,,,,,0.0,0.0,0.0,0.0,,,,,0.0,0.0,0.0,0.0,,,,,0
2021-05-03,BHI,,,,,,0.0,0.0,0.0,0.0,,,,,0.0,0.0,0.0,0.0,,,,,0
2021-05-04,BHI,,,,,,0.0,0.0,0.0,0.0,,,,,0.0,0.0,0.0,0.0,,,,,0
2021-05-05,BHI,,,,,,0.0,0.0,0.0,0.0,,,,,0.0,0.0,0.0,0.0,,,,,0
2021-05-06,BHI,,,,,,0.0,0.0,0.0,0.0,,,,,0.0,0.0,0.0,0.0,,,,,0
2021-05-07,BHI,,,,,,0.0,0.0,0.0,0.0,,,,,0.0,0.0,0.0,0.0,,,,,0
2021-05-10,BHI,,,,,,0.0,0.0,0.0,0.0,,,,,0.0,0.0,0.0,0.0,,,,,0
2021-05-11,BHI,,,,,,0.0,0.0,0.0,0.0,,,,,0.0,0.0,0.0,0.0,,,,,0
2021-05-12,BHI,,,,,,0.0,0.0,0.0,0.0,,,,,0.0,0.0,0.0,0.0,,,,,0
2021-05-13,BHI,,,,,,0.0,0.0,0.0,0.0,,,,,0.0,0.0,0.0,0.0,,,,,0
2021-05-14,BHI,,,,,,0.0,0.0,0.0,0.0,,,,,0.0,0.0,0.0,0.0,,,,,0
2021-05-17,BHI,,,,,,0.0,0.0,0.0,0.0,,,,,0.0,0.0,0.0,0.0,,,,,0
2021-05-18,BHI,,,,,,0.0,0.0,0.0,0.0,,,,,0.0,0.0,0.0,0.0,,,,,0
2021-05-19,BHI,,,,,,0.0,0.0,0.0,0.0,,,,,0.0,0.0,0.0,0.0,,,,,0
2021-05-20,BHI,,,,,,0.0,0.0,0.0,0.0,,,,,0.0,0.0,0.0,0.0,,,,,0
2021-05-21,BHI,,,,,,0.0,0.0,0.0,0.0,,,,,0.0,0.0,0.0,0.0,,,,,0
2021-05-24,BHI,,,,,,0.0,0.0,0.0,0.0,,,,,0.0,0.0,0.0,0.0,,,,,0
2021-05-25,BHI,,,,,,0.0,0.0,0.0,0.0,,,,,0.0,0.0,0.0,0.0,,,,,0
2021-05-26,BHI,,,,,,0.0,0.0,0.0,0.0,,,,,0.0,0.0,0.0,0.0,,,,,0
2021-05-27,BHI,,,,,,0.0,0.0,0.0,0.0,,,,,0.0,0.0,0.0,0.0,,,,,0
2021-05-28,BHI,,,,,,0.0,0.0,0.0,0.0,,,,,0.0,0.0,0.0,0.0,,,,,0
2021-06-01,BHI,,,,,,0.0,0.0,0.0,0.0,,,,,0.0,0.0,0.0,0.0,,,,,0
2021-06-02,BHI,,,,,,0.0,0.0,0.0,0.0,,,,,0.0,0.0,0.0,0.0,,,,,0
2021-06-03,BHI,,,,,,0.0,0.0,0.0,0.0,,,,,0.0,0.0,0.0,0.0,,,,,0
2021-06-04,BHI,,,,,,0.0,0.0,0.0,0.0,,,,,0.0,0.0,0.0,0.0,,,,,0
2021-06-07,BHI,,,,,,0.0,0.0,0.0,0.0,,,,,0.0,0.0,0.0,0.0,,,,,0
2021-06-08,BHI,,,,,,0.0,0.0,0.0,0.0,,,,,0.0,0.0,0.0,0.0,,,,,0
2021-06-09,BHI,,,,,,0.0,0.0,0.0,0.0,,,,,0.0,0.0,0.0,0.0,,,,,0
2021-06-10,BHI,,,,,,0.0,0.0,0.0,0.0,,,,,0.0,0.0,0.0,0.0,,,,,0
2021-06-11,BHI,,,,,,0.0,0.0,0.0,0.0,,,,,0.0,0.0,0.0,0.0,,,,,0
2021-06-14,BHI,,,,,,0.0,0.0,0.0,0.0,,,,,0.0,0.0,0.0,0.0,,,,,0
2021-06-15,BHI,,,,,,0.0,0.0,0.0,0.0,,,,,0.0,0.0,0.0,0.0,,,,,0
2021-06-16,BHI,,,,,,0.0,0.0,0.0,0.0,,,,,0.0,0.0,0.0,0.0,,,,,0
2021-06-17,BHI,,,,,,0.0,0.0,0.0,0.0,,,,,0.0,0.0,0.0,0.0,,,,,0
2021-06-18,BHI,,,,,,0.0,0.0,0.0,0.0,,,,,0.0,0.0,0.0,0.0,,,,,0
2021-06-21,BHI,,,,,,0.0,0.0,0.0,0.0,,,,,0.0,0.0,0.0,0.0,,,,,0
2021-06-22,BHI,,,,,,0.0,0.0,0.0,0.0,,,,,0.0,0.0,0.0,0.0,,,,,0
2021-06-23,BHI,,,,,,0.0,0.0,0.0,0.0,,,,,0.0,0.0,0.0,0.0,,,,,0
2021-06-24,BHI,,,,,,0.0,0.0,0.0,0.0,,,,,0.0,0.0,0.0,0.0,,,,,0
2021-06-25,BHI,,,,,,0.0,0.0,0.0,0.0,,,,,0.0,0.0,0.0,0.0,,,,,0
2021-06-28,BHI,,,,,,0.0,0.0,0.0,0.0,,,,,0.0,0.0,0.0,0.0,,,,,0
2021-06-29,BHI,,,,,,0.0,0.0,0.0,0.0,,,,,0.0,0.0,0.0,0.0,,,,,0
2021-06-30,BHI,,,,,,0.0,0.0,0.0,0.0,,,,,0.0,0.0,0.0,0.0,,,,,0
2021-07-01,BHI,,,,,,0.0,0.0,0.0,0.0,,,,,0.0,0.0,0.0,0.0,,,,,0
2021-07-02,BHI,,,,,,0.0,0.0,0.0,0.0,,,,,0.0,0.0,0.0,0.0,,,,,0
2021-07-06,BHI,,,,,,0.0,0.0,0.0,0.0,,,,,0.0,0.0,0.0,0.0,,,,,0
2021-07-07,BHI,,,,,,0.0,0.0,0.0,0.0,,,,,0.0,0.0,0.0,0.0,,,,,0
2021-07-08,BHI,,,,,,0.0,0.0,0.0,0.0,,,,,0.0,0.0,0.0,0.0,,,,,0
2021-07-09,BHI,,,,,,0.0,0.0,0.0,0.0,,,,,0.0,0.0,0.0,0.0,,,,,0
2021-07-12,BHI,,,,,,0.0,0.0,0.0,0.0,,,,,0.0,0.0,0.0,0.0,,,,,0
2021-07-13,BHI,,,,,,0.0,0.0,0.0,0.0,,,,,0.0,0.0,0.0,0.0,,,,,0
2021-07-14,BHI,,,,,,0.0,0.0,0.0,0.0,,,,,0.0,0.0,0.0,0.0,,,,,0
2021-07-15,BHI,,,,,,0.0,0.0,0.0,0.0,,,,,0.0,0.0,0.0,0.0,,,,,0
2021-07-16,BHI,,,,,,0.0,0.0,0.0,0.0,,,,,0.0,0.0,0.0,0.0,,,,,0
2021-07-19,BHI,,,,,,0.0,0.0,0.0,0.0,,,,,0.0,0.0,0.0,0.0,,,,,0
2021-07-20,BHI,,,,,,0.0,0.0,0.0,0.0,,,,,0.0,0.0,0.0,0.0,,,,,0
2021-07-21,BHI,,,,,,0.0,0.0,0.0,0.0,,,,,0.0,0.0,0.0,0.0,,,,,0
2021-07-22,BHI,,,,,,0.0,0.0,0.0,0.0,,,,,0.0,0.0,0.0,0.0,,,,,0
2021-07-23,BHI,,,,,,0.0,0.0,0.0,0.0,,,,,0.0,0.0,0.0,0.0,,,,,0
2021-07-26,BHI,,,,,,0.0,0.0,0.0,0.0,,,,,0.0,0.0,0.0,0.0,,,,,0
2021-07-27,BHI,,,,,,0.0,0.0,0.0,0.0,,,,,0.0,0.0,0.0,0.0,,,,,0
2021-07-28,BHI,,,,,,0.0,0.0,0.0,0.0,,,,,0.0,0.0,0.0,0.0,,,,,0
2021-07-29,BHI,,,,,,0.0,0.0,0.0,0.0,,,,,0.0,0.0,0.0,0.0,,,,,0
2021-07-30,BHI,,,,,,0.0,0.0,0.0,0.0,,,,,0.0,0.0,0.0,0.0,,,,,0
2021-08-02,BHI,,,,,,0.0,0.0,0.0,0.0,,,,,0.0,0.0,0.0,0.0,,,,,0
2021-08-03,BHI,,,,,,0.0,0.0,0.0,0.0,,,,,0.0,0.0,0.0,0.0,,,,,0
2021-08-04,BHI,,,,,,0.0,0.0,0.0,0.0,,,,,0.0,0.0,0.0,0.0,,,,,0
2021-08-05,BHI,,,,,,0.0,0.0,0.0,0.0,,,,,0.0,0.0,0.0,0.0,,,,,0
2021-08-06,BHI,,,,,,0.0,0.0,0.0,0.0,,,,,0.0,0.0,0.0,0.0,,,,,0
2021-08-09,BHI,,,,,,0.0,0.0,0.0,0.0,,,,,0.0,0.0,0.0,0.0,,,,,0
2021-08-10,BHI,,,,,,0.0,0.0,0.0,0.0,,,,,0.0,0.0,0.0,0.0,,,,,0
2021-08-11,BHI,,,,,,0.0,0.0,0.0,0.0,,,,,0.0,0.0,0.0,0.0,,,,,0
2021-08-12,BHI,,,,,,0.0,0.0,0.0,0.0,,,,,0.0,0.0,0.0,0.0,,,,,0
2021-08-13,BHI,,,,,,0.0,0.0,0.0,0.0,,,,,0.0,0.0,0.0,0.0,,,,,0
2021-08-16,BHI,,,,,,0.0,0.0,0.0,0.0,,,,,0.0,0.0,0.0,0.0,,,,,0
2021-08-17,BHI,,,,,,0.0,0.0,0.0,0.0,,,,,0.0,0.0,0.0,0.0,,,,,0
2021-08-18,BHI,,,,,,0.0,0.0,0.0,0.0,,,,,0.0,0.0,0.0,0.0,,,,,0
2021-08-19,BHI,,,,,,0.0,0.0,0.0,0.0,,,,,0.0,0.0,0.0,0.0,,,,,0
2021-08-20,BHI,,,,,,0.0,0.0,0.0,0.0,,,,,0.0,0.0,0.0,0.0,,,,,0
2021-08-23,BHI,,,,,,0.0,0.0,0.0,0.0,,,,,0.0,0.0,0.0,0.0,,,,,0
2021-08-24,BHI,,,,,,0.0,0.0,0.0,0.0,,,,,0.0,0.0,0.0,0.0,,,,,0
2021-08-25,BHI,,,,,,0.0,0.0,0.0,0.0,,,,,0.0,0.0,0.0,0.0,,,,,0
2021-08-26,BHI,,,,,,0.0,0.0,0.0,0.0,,,,,0.0,0.0,0.0,0.0,,,,,0
2021-08-27,BHI,,,,,,0.0,0.0,0.0,0.0,,,,,0.0,0.0,0.0,0.0,,,,,0
2021-08-30,BHI,,,,,,0.0,0.0,0.0,0.0,,,,,0.0,0.0,0.0,0.0,,,,,0
2021-08-31,BHI,,,,,,0.0,0.0,0.0,0.0,,,,,0.0,0.0,0.0,0.0,,,,,0
2021-09-01,BHI,,,,,,0.0,0.0,0.0,0.0,,,,,0.0,0.0,0.0,0.0,,,,,0
2021-09-02,BHI,,,,,,0.0,0.0,0.0,0.0,,,,,0.0,0.0,0.0,0.0,,,,,0
2021-09-03,BHI,,,,,,0.0,0.0,0.0,0.0,,,,,0.0,0.0,0.0,0.0,,,,,0
2021-09-07,BHI,,,,,,0.0,0.0,0.0,0.0,,,,,0.0,0.0,0.0,0.0,,,,,0
2021-09-08,BHI,,,,,,0.0,0.0,0.0,0.0,,,,,0.0,0.0,0.0,0.0,,,,,0
2021-09-09,BHI,,,,,,0.0,0.0,0.0,0.0,,,,,0.0,0.0,0.0,0.0,,,,,0
2021-09-10,BHI,,,,,,0.0,0.0,0.0,0.0,,,,,0.0,0.0,0.0,0.0,,,,,0
2021-09-13,BHI,,,,,,0.0,0.0,0.0,0.0,,,,,0.0,0.0,0.0,0.0,,,,,0
2021-09-14,BHI,,,,,,0.0,0.0,0.0,0.0,,,,,0.0,0.0,0.0,0.0,,,,,0
2021-09-15,BHI,,,,,,0.0,0.0,0.0,0.0,,,,,0.0,0.0,0.0,0.0,,,,,0
2021-09-16,BHI,,,,,,0.0,0.0,0.0,0.0,,,,,0.0,0.0,0.0,0.0,,,,,0
2021-09-17,BHI,,,,,,0.0,0.0,0.0,0.0,,,,,0.0,0.0,0.0,0.0,,,,,0
2021-09-20,BHI,,,,,,0.0,0.0,0.0,0.0,,,,,0.0,0.0,0.0,0.0,,,,,0
2021-09-21,BHI,,,,,,0.0,0.0,0.0,0.0,,,,,0.0,0.0,0.0,0.0,,,,,0
2021-09-22,BHI,,,,,,0.0,0.0,0.0,0.0,,,,,0.0,0.0,0.0,0.0,,,,,0
2021-09-23,BHI,,,,,,0.0,0.0,0.0,0.0,,,,,0.0,0.0,0.0,0.0,,,,,0
2021-09-24,BHI,,,,,,0.0,0.0,0.0,0.0,,,,,0.0,0.0,0.0,0.0,,,,,0
2021-09-27,BHI,,,,,,0.0,0.0,0.0,0.0,,,,,0.0,0.0,0.0,0.0,,,,,0
2021-09-28,BHI,,,,,,0.0,0.0,0.0,0.0,,,,,0.0,0.0,0.0,0.0,,,,,0
2021-09-29,BHI,,,,,,0.0,0.0,0.0,0.0,,,,,0.0,0.0,0.0,0.0,,,,,0
2021-09-30,BHI,,,,,,0.0,0.0,0.0,0.0,,,,,0.0,0.0,0.0,0.0,,,,,0
2021-10-01,BHI,,,,,,0.0,0.0,0.0,0.0,,,,,0.0,0.0,0.0,0.0,,,,,0
2021-10-04,BHI,,,,,,0.0,0.0,0.0,0.0,,,,,0.0,0.0,0.0,0.0,,,,,0
2021-10-05,BHI,,,,,,0.0,0.0,0.0,0.0,,,,,0.0,0.0,0.0,0.0,,,,,0
2021-10-06,BHI,,,,,,0.0,0.0,0.0,0.0,,,,,0.0,0.0,0.0,0.0,,,,,0
2021-10-07,BHI,,,,,,0.0,0.0,0.0,0.0,,,,,0.0,0.0,0.0,0.0,,,,,0
2021-10-08,BHI,,,,,,0.0,0.0,0.0,0.0,,,,,0.0,0.0,0.0,0.0,,,,,0
2021-10-11,BHI,,,,,,0.0,0.0,0.0,0.0,,,,,0.0,0.0,0.0,0.0,,,,,0
2021-10-12,BHI,,,,,,0.0,0.0,0.0,0.0,,,,,0.0,0.0,0.0,0.0,,,,,0
2021-10-13,BHI,,,,,,0.0,0.0,0.0,0.0,,,,,0.0,0.0,0.0,0.0,,,,,0
2021-10-14,BHI,,,,,,0.0,0.0,0.0,0.0,,,,,0.0,0.0,0.0,0.0,,,,,0
2021-10-15,BHI,,,,,,0.0,0.0,0.0,0.0,,,,,0.0,0.0,0.0,0.0,,,,,0
2021-10-18,BHI,,,,,,0.0,0.0,0.0,0.0,,,,,0.0,0.0,0.0,0.0,,,,,0
2021-10-19,BHI,,,,,,0.0,0.0,0.0,0.0,,,,,0.0,0.0,0.0,0.0,,,,,0
2021-10-20,BHI,,,,,,0.0,0.0,0.0,0.0,,,,,0.0,0.0,0.0,0.0,,,,,0
2021-10-21,BHI,,,,,,0.0,0.0,0.0,0.0,,,,,0.0,0.0,0.0,0.0,,,,,0
2021-10-22,BHI,,,,,,0.0,0.0,0.0,0.0,,,,,0.0,0.0,0.0,0.0,,,,,0
2021-10-25,BHI,,,,,,0.0,0.0,0.0,0.0,,,,,0.0,0.0,0.0,0.0,,,,,0
2021-10-26,BHI,,,,,,0.0,0.0,0.0,0.0,,,,,0.0,0.0,0.0,0.0,,,,,0
2021-10-27,BHI,,,,,,0.0,0.0,0.0,0.0,,,,,0.0,0.0,0.0,0.0,,,,,0
2021-10-28,BHI,,,,,,0.0,0.0,0.0,0.0,,,,,0.0,0.0,0.0,0.0,,,,,0
2021-10-29,BHI,,,,,,0.0,0.0,0.0,0.0,,,,,0.0,0.0,0.0,0.0,,,,,0
2021-11-01,BHI,,,,,,0.0,0.0,0.0,0.0,,,,,0.0,0.0,0.0,0.0,,,,,0
2021-11-02,BHI,,,,,,0.0,0.0,0.0,0.0,,,,,0.0,0.0,0.0,0.0,,,,,0
2021-11-03,BHI,,,,,,0.0,0.0,0.0,0.0,,,,,0.0,0.0,0.0,0.0,,,,,0
2021-11-04,BHI,,,,,,0.0,0.0,0.0,0.0,,,,,0.0,0.0,0.0,0.0,,,,,0
2021-11-05,BHI,,,,,,0.0,0.0,0.0,0.0,,,,,0.0,0.0,0.0,0.0,,,,,0
2021-11-08,BHI,,,,,,0.0,0.0,0.0,0.0,,,,,0.0,0.0,0.0,0.0,,,,,0
2021-11-09,BHI,,,,,,0.0,0.0,0.0,0.0,,,,,0.0,0.0,0.0,0.0,,,,,0
2021-11-10,BHI,,,,,,0.0,0.0,0.0,0.0,,,,,0.0,0.0,0.0,0.0,,,,,0
2021-11-11,BHI,,,,,,0.0,0.0,0.0,0.0,,,,,0.0,0.0,0.0,0.0,,,,,0
2021-11-12,BHI,,,,,,0.0,0.0,0.0,0.0,,,,,0.0,0.0,0.0,0.0,,,,,0
2021-11-15,BHI,,,,,,0.0,0.0,0.0,0.0,,,,,0.0,0.0,0.0,0.0,,,,,0
2021-11-16,BHI,,,,,,0.0,0.0,0.0,0.0,,,,,0.0,0.0,0.0,0.0,,,,,0
2021-11-17,BHI,,,,,,0.0,0.0,0.0,0.0,,,,,0.0,0.0,0.0,0.0,,,,,0
2021-11-18,BHI,,,,,,0.0,0.0,0.0,0.0,,,,,0.0,0.0,0.0,0.0,,,,,0
2021-11-19,BHI,,,,,,0.0,0.0,0.0,0.0,,,,,0.0,0.0,0.0,0.0,,,,,0
2021-11-22,BHI,,,,,,0.0,0.0,0.0,0.0,,,,,0.0,0.0,0.0,0.0,,,,,0
2021-11-23,BHI,,,,,,0.0,0.0,0.0,0.0,,,,,0.0,0.0,0.0,0.0,,,,,0
2021-11-24,BHI,,,,,,0.0,0.0,0.0,0.0,,,,,0.0,0.0,0.0,0.0,,,,,0
2021-11-26,BHI,,,,,,0.0,0.0,0.0,0.0,,,,,0.0,0.0,0.0,0.0,,,,,0
2021-11-29,BHI,,,,,,0.0,0.0,0.0,0.0,,,,,0.0,0.0,0.0,0.0,,,,,0
2021-11-30,BHI,,,,,,0.0,0.0,0.0,0.0,,,,,0.0,0.0,0.0,0.0,,,,,0
2021-12-01,BHI,,,,,,0.0,0.0,0.0,0.0,,,,,0.0,0.0,0.0,0.0,,,,,0
2021-12-02,BHI,,,,,,0.0,0.0,0.0,0.0,,,,,0.0,0.0,0.0,0.0,,,,,0
2021-12-03,BHI,,,,,,0.0,0.0,0.0,0.0,,,,,0.0,0.0,0.0,0.0,,,,,0
2021-12-06,BHI,,,,,,0.0,0.0,0.0,0.0,,,,,0.0,0.0,0.0,0.0,,,,,0
2021-12-07,BHI,,,,,,0.0,0.0,0.0,0.0,,,,,0.0,0.0,0.0,0.0,,,,,0
2021-12-08,BHI,,,,,,0.0,0.0,0.0,0.0,,,,,0.0,0.0,0.0,0.0,,,,,0
2021-12-09,BHI,,,,,,0.0,0.0,0.0,0.0,,,,,0.0,0.0,0.0,0.0,,,,,0
2021-12-10,BHI,,,,,,0.0,0.0,0.0,0.0,,,,,0.0,0.0,0.0,0.0,,,,,0
2021-12-13,BHI,,,,,,0.0,0.0,0.0,0.0,,,,,0.0,0.0,0.0,0.0,,,,,0
2021-12-14,BHI,,,,,,0.0,0.0,0.0,0.0,,,,,0.0,0.0,0.0,0.0,,,,,0
2021-12-15,BHI,,,,,,0.0,0.0,0.0,0.0,,,,,0.0,0.0,0.0,0.0,,,,,0
2021-12-16,BHI,,,,,,0.0,0.0,0.0,0.0,,,,,0.0,0.0,0.0,0.0,,,,,0
2021-12-17,BHI,,,,,,0.0,0.0,0.0,0.0,,,,,0.0,0.0,0.0,0.0,,,,,0
2021-12-20,BHI,,,,,,0.0,0.0,0.0,0.0,,,,,0.0,0.0,0.0,0.0,,,,,0
2021-12-21,BHI,,,,,,0.0,0.0,0.0,0.0,,,,,0.0,0.0,0.0,0.0,,,,,0
2021-12-22,BHI,,,,,,0.0,0.0,0.0,0.0,,,,,0.0,0.0,0.0,0.0,,,,,0
2021-12-23,BHI,,,,,,0.0,0.0,0.0,0.0,,,,,0.0,0.0,0.0,0.0,,,,,0
2021-12-27,BHI,,,,,,0.0,0.0,0.0,0.0,,,,,0.0,0.0,0.0,0.0,,,,,0
2021-12-28,BHI,,,,,,0.0,0.0,0.0,0.0,,,,,0.0,0.0,0.0,0.0,,,,,0
2021-12-29,BHI,,,,,,0.0,0.0,0.0,0.0,,,,,0.0,0.0,0.0,0.0,,,,,0
2021-12-30,BHI,,,,,,0.0,0.0,0.0,0.0,,,,,0.0,0.0,0.0,0.0,,,,,0
2021-12-31,BHI,,,,,,0.0,0.0,0.0,0.0,,,,,0.0,0.0,0.0,0.0,,,,,0
2022-01-03,BHI,,,,,,0.0,0.0,0.0,0.0,,,,,0.0,0.0,0.0,0.0,,,,,0
2022-01-04,BHI,,,,,,0.0,0.0,0.0,0.0,,,,,0.0,0.0,0.0,0.0,,,,,0
2022-01-05,BHI,,,,,,0.0,0.0,0.0,0.0,,,,,0.0,0.0,0.0,0.0,,,,,0
2022-01-06,BHI,,,,,,0.0,0.0,0.0,0.0,,,,,0.0,0.0,0.0,0.0,,,,,0
2022-01-07,BHI,,,,,,0.0,0.0,0.0,0.0,,,,,0.0,0.0,0.0,0.0,,,,,0
2022-01-10,BHI,,,,,,0.0,0.0,0.0,0.0,,,,,0.0,0.0,0.0,0.0,,,,,0
2022-01-11,BHI,,,,,,0.0,0.0,0.0,0.0,,,,,0.0,0.0,0.0,0.0,,,,,0
2022-01-12,BHI,,,,,,0.0,0.0,0.0,0.0,,,,,0.0,0.0,0.0,0.0,,,,,0
2022-01-13,BHI,,,,,,0.0,0.0,0.0,0.0,,,,,0.0,0.0,0.0,0.0,,,,,0
2022-01-14,BHI,,,,,,0.0,0.0,0.0,0.0,,,,,0.0,0.0,0.0,0.0,,,,,0
2022-01-18,BHI,,,,,,0.0,0.0,0.0,0.0,,,,,0.0,0.0,0.0,0.0,,,,,0
2022-01-19,BHI,,,,,,0.0,0.0,0.0,0.0,,,,,0.0,0.0,0.0,0.0,,,,,0
2022-01-20,BHI,,,,,,0.0,0.0,0.0,0.0,,,,,0.0,0.0,0.0,0.0,,,,,0
2022-01-21,BHI,,,,,,0.0,0.0,0.0,0.0,,,,,0.0,0.0,0.0,0.0,,,,,0
2022-01-24,BHI,,,,,,0.0,0.0,0.0,0.0,,,,,0.0,0.0,0.0,0.0,,,,,0
2022-01-25,BHI,,,,,,0.0,0.0,0.0,0.0,,,,,0.0,0.0,0.0,0.0,,,,,0
2022-01-26,BHI,,,,,,0.0,0.0,0.0,0.0,,,,,0.0,0.0,0.0,0.0,,,,,0
2022-01-27,BHI,,,,,,0.0,0.0,0.0,0.0,,,,,0.0,0.0,0.0,0.0,,,,,0
2022-01-28,BHI,,,,,,0.0,0.0,0.0,0.0,,,,,0.0,0.0,0.0,0.0,,,,,0
2022-01-31,BHI,,,,,,0.0,0.0,0.0,0.0,,,,,0.0,0.0,0.0,0.0,,,,,0
